message_id,timestamp,sender,message
MSG_0001,2026-09-01 08:00:00,Meera,"For today: Calendar update: family dinner, 2026-09-19 at 10:00, the library."
MSG_0002,2026-09-01 08:37:00,Ishaan,Can you review the privacy checklist before 2026-09-09?
MSG_0003,2026-09-01 09:14:00,Kabir,FYI: Reminder: mentor catch-up happens on 2026-09-16 at 11:00 in the city clinic.
MSG_0004,2026-09-01 09:51:00,Aarav,One more thing: The training material is on the portal.
MSG_0005,2026-09-01 10:28:00,Aarav,"Hi, My home address is 42 Lake View Road, Chennai-45."
MSG_0006,2026-09-01 11:05:00,Meera,Important: The laptop battery is fully charged.
MSG_0007,2026-09-01 11:42:00,Ananya,For today: Please reply to the client email by 2026-09-04.
MSG_0008,2026-09-01 12:19:00,Neha,Can you help? The building entrance has moved temporarily.
MSG_0009,2026-09-01 12:56:00,Meera,"For my profile, my emergency contact is my brother."
MSG_0010,2026-09-01 13:33:00,Tara,Can you help? Don't forget to pay the electricity bill; deadline is 2026-09-09.
MSG_0011,2026-09-01 14:10:00,Ishaan,"Just checking—Please join the internship orientation on 2026-09-18, 13:00 at Conference Room 2."
MSG_0012,2026-09-01 14:47:00,Neha,FYI: I will send the login details separately.
MSG_0013,2026-09-01 15:24:00,Meera,One more thing: My card number is 4111 1111 1111 1111-92.
MSG_0014,2026-09-01 16:01:00,Promotions,Can you help? Special festival discount on clothing. Use code SAVE17.
MSG_0015,2026-09-01 16:38:00,Promotions,Please note: Flash sale on laptops starts at 6 PM. Use code SAVE23.
MSG_0016,2026-09-01 17:15:00,Rohan,Just checking—Remember that i drink coffee without sugar.
MSG_0017,2026-09-01 17:52:00,Vikram,Can you help? I need you to renew the library book by 2026-09-08.
MSG_0018,2026-09-01 18:29:00,Rohan,One more thing: My recent test result says vitamin D deficiency-97.
MSG_0019,2026-09-01 19:06:00,Neha,Can you help? I need you to review the model results by 2026-09-03.
MSG_0020,2026-09-01 19:43:00,Promotions,"Hi, Join our premium plan for exclusive benefits. Use code SAVE19."
MSG_0021,2026-09-01 20:20:00,Meera,One more thing: The webinar recording is now available.
MSG_0022,2026-09-01 20:57:00,Maya,Can you help? Personal note: my favourite language is Python.
MSG_0023,2026-09-01 21:34:00,Rohan,"Hi, Calendar update: team stand-up, 2026-09-04 at 15:00, the college auditorium."
MSG_0024,2026-09-01 22:11:00,Ananya,Just checking—I might prefer evening meetings now.
MSG_0025,2026-09-01 22:48:00,Maya,FYI: The office Wi-Fi will be under maintenance tonight.
MSG_0026,2026-09-01 23:25:00,Kabir,Quick update: The shuttle leaves every thirty minutes.
MSG_0027,2026-09-02 00:02:00,Aarav,Please note: Please confirm the interview slot by 2026-09-05.
MSG_0028,2026-09-02 00:39:00,Kabir,For today: Don't forget to email the signed document; deadline is 2026-09-04.
MSG_0029,2026-09-02 01:16:00,Ishaan,"Can you help? Just so you know, i prefer receiving updates by email."
MSG_0030,2026-09-02 01:53:00,Vikram,FYI: The project folder was reorganized.
MSG_0031,2026-09-02 02:30:00,Maya,Can you update the project tracker before 2026-09-04?
MSG_0032,2026-09-02 03:07:00,Kabir,Important: Don't forget to upload the assignment; deadline is 2026-09-09.
MSG_0033,2026-09-02 03:44:00,Neha,Just checking—The event registration desk opens at 9 AM.
MSG_0034,2026-09-02 04:21:00,Ishaan,"Please note: Please join the internship orientation on 2026-09-18, 9:00 at Conference Room 2."
MSG_0035,2026-09-02 04:58:00,Rohan,For today: Complete the onboarding form is due on 2026-09-10.
MSG_0036,2026-09-02 05:35:00,Maya,"Please join the study-group session on 2026-09-13, 12:00 at Google Meet."
MSG_0037,2026-09-02 06:12:00,Meera,One more thing: The review could be Friday afternoon.
MSG_0038,2026-09-02 06:49:00,Maya,Quick update: Can you update the project tracker before 2026-09-08?
MSG_0039,2026-09-02 07:26:00,Tara,For today: Maya asked whether the demo was ready.
MSG_0040,2026-09-02 08:03:00,Tara,"For today: For my profile, i am vegetarian."
MSG_0041,2026-09-02 08:40:00,Vikram,"For today: If possible, review the file before the meeting."
MSG_0042,2026-09-02 09:17:00,Aarav,For today: The client discussion is scheduled for 2026-09-12 at 11:00 in Meeting Room A.
MSG_0043,2026-09-02 09:54:00,Rohan,"Quick update: Calendar update: family dinner, 2026-09-04 at 11:00, the college auditorium."
MSG_0044,2026-09-02 10:31:00,Ananya,Just checking—Please complete the Python exercise by 2026-09-09.
MSG_0045,2026-09-02 11:08:00,Rohan,Important: Complete the onboarding form is due on 2026-09-07.
MSG_0046,2026-09-02 11:45:00,Tara,For today: Don't forget to call the service centre; deadline is 2026-09-09.
MSG_0047,2026-09-02 12:22:00,Kabir,Just checking—My account recovery code is RC-88-KL-19-59.
MSG_0048,2026-09-02 12:59:00,Ananya,"One more thing: For my profile, i live near the central library."
MSG_0049,2026-09-02 13:36:00,Ananya,One more thing: The product demo is scheduled for 2026-09-07 at 10:00 in Zoom.
MSG_0050,2026-09-02 14:13:00,Project Lead,Important: The webinar recording is now available.
MSG_0051,2026-09-02 14:50:00,Kabir,Important: Reminder: doctor appointment happens on 2026-09-16 at 15:00 in the city clinic.
MSG_0052,2026-09-02 15:27:00,Tara,Quick update: The cafeteria closes at 8 PM.
MSG_0053,2026-09-02 16:04:00,Tara,One more thing: My identification number is ID-7842-XY-94.
MSG_0054,2026-09-02 16:41:00,Meera,Just checking—The review could be Friday afternoon.
MSG_0055,2026-09-02 17:18:00,Ananya,The client discussion is scheduled for 2026-09-07 at 14:00 in Zoom.
MSG_0056,2026-09-02 17:55:00,Kabir,Please note: Please call Maya when you are free.
MSG_0057,2026-09-02 18:32:00,Neha,Please note: I will send the login details separately.
MSG_0058,2026-09-02 19:09:00,Ishaan,Quick update: Can you review the privacy checklist before 2026-09-04?
MSG_0059,2026-09-02 19:46:00,Aarav,Important: The new Python version is available.
MSG_0060,2026-09-02 20:23:00,Rohan,Quick update: Complete the onboarding form is due on 2026-09-08.
MSG_0061,2026-09-02 21:00:00,Promotions,Quick update: Get 25% off selected headphones this weekend. Use code SAVE30.
MSG_0062,2026-09-02 21:37:00,Ishaan,"Please join the AI workshop on 2026-09-08, 15:00 at Conference Room 2."
MSG_0063,2026-09-02 22:14:00,Vikram,For today: I need you to renew the library book by 2026-09-07.
MSG_0064,2026-09-02 22:51:00,Aarav,Can you help? The event registration desk opens at 9 AM.
MSG_0065,2026-09-02 23:28:00,Kabir,One more thing: Don't forget to email the signed document; deadline is 2026-09-07.
MSG_0066,2026-09-03 00:05:00,Aarav,Can you help? The project review is scheduled for 2026-09-02 at 9:00 in Meeting Room A.
MSG_0067,2026-09-03 00:42:00,Maya,"FYI: Please join the AI workshop on 2026-09-13, 16:00 at Google Meet."
MSG_0068,2026-09-03 01:19:00,Ananya,One more thing: The report template has been updated.
MSG_0069,2026-09-03 01:56:00,Rohan,One more thing: Remember that i drink coffee without sugar.
MSG_0070,2026-09-03 02:33:00,Maya,Please note: The shuttle leaves every thirty minutes.
MSG_0071,2026-09-03 03:10:00,Promotions,Quick update: Upgrade your subscription and save 30%. Use code SAVE34.
MSG_0072,2026-09-03 03:47:00,Vikram,Quick update: I need you to renew the library book by 2026-09-05.
MSG_0073,2026-09-03 04:24:00,Promotions,Upgrade your subscription and save 30%. Use code SAVE14.
MSG_0074,2026-09-03 05:01:00,Vikram,Just checking—The temporary access token is tok_demo_A8K29Q-53.
MSG_0075,2026-09-03 05:38:00,Vikram,Just checking—Tomorrow is a public holiday.
MSG_0076,2026-09-03 06:15:00,Promotions,For today: Join our premium plan for exclusive benefits. Use code SAVE49.
MSG_0077,2026-09-03 06:52:00,Ananya,FYI: The product demo is scheduled for 2026-09-17 at 12:00 in Zoom.
MSG_0078,2026-09-03 07:29:00,Rohan,Can you help? My recent test result says vitamin D deficiency-87.
MSG_0079,2026-09-03 08:06:00,Kabir,FYI: The library has extended weekend hours.
MSG_0080,2026-09-03 08:43:00,Promotions,One more thing: Flash sale on laptops starts at 6 PM. Use code SAVE23.
MSG_0081,2026-09-03 09:20:00,Promotions,Just checking—Join our premium plan for exclusive benefits. Use code SAVE29.
MSG_0082,2026-09-03 09:57:00,Promotions,Get 25% off selected headphones this weekend. Use code SAVE10.
MSG_0083,2026-09-03 10:34:00,Vikram,Important: I need you to renew the library book by 2026-09-04.
MSG_0084,2026-09-03 11:11:00,Ananya,"Hi, I might prefer evening meetings now."
MSG_0085,2026-09-03 11:48:00,Promotions,Quick update: Join our premium plan for exclusive benefits. Use code SAVE39.
MSG_0086,2026-09-03 12:25:00,Ishaan,Use password BlueRiver#29 to sign in to the test account.
MSG_0087,2026-09-03 13:02:00,Ishaan,FYI: Remember that i prefer receiving updates by email.
MSG_0088,2026-09-03 13:39:00,Ishaan,One more thing: Can you finish the test cases before 2026-09-08?
MSG_0089,2026-09-03 14:16:00,Tara,Just checking—Don't forget to call the service centre; deadline is 2026-09-04.
MSG_0090,2026-09-03 14:53:00,Ananya,FYI: The weather forecast says light rain.
MSG_0091,2026-09-03 15:30:00,Aarav,For today: The cafeteria closes at 8 PM.
MSG_0092,2026-09-03 16:07:00,Promotions,Quick update: Limited-time offer: buy one course and get one free. Use code SAVE31.
MSG_0093,2026-09-03 16:44:00,Meera,FYI: Personal note: my emergency contact is my brother.
MSG_0094,2026-09-03 17:21:00,Tara,"Hi, Personal note: i am vegetarian."
MSG_0095,2026-09-03 17:58:00,Ishaan,Please note: Use password BlueRiver#29-11 to sign in to the test account.
MSG_0096,2026-09-03 18:35:00,Ishaan,Quick update: The event registration desk opens at 9 AM.
MSG_0097,2026-09-03 19:12:00,Rohan,"Just checking—Calendar update: placement briefing, 2026-09-04 at 11:00, the college auditorium."
MSG_0098,2026-09-03 19:49:00,Meera,Quick update: The review could be Friday afternoon.
MSG_0099,2026-09-03 20:26:00,Maya,"FYI: For my profile, my favourite language is Python."
MSG_0100,2026-09-03 21:03:00,Kabir,"Hi, Reminder: sprint planning happens on 2026-09-16 at 11:00 in the city clinic."
MSG_0101,2026-09-03 21:40:00,Kabir,Don't forget to email the signed document; deadline is 2026-09-07.
MSG_0102,2026-09-03 22:17:00,Maya,FYI: Can you send the revised presentation before 2026-09-08?
MSG_0103,2026-09-03 22:54:00,Neha,Important: Are you available for the technical interview at 16:00 on 2026-09-05? Location: the main office.
MSG_0104,2026-09-03 23:31:00,Promotions,Flash sale on laptops starts at 6 PM. Use code SAVE13.
MSG_0105,2026-09-04 00:08:00,Promotions,Limited-time offer: buy one course and get one free. Use code SAVE11.
MSG_0106,2026-09-04 00:45:00,Rohan,Quick update: My recent test result says vitamin D deficiency-27.
MSG_0107,2026-09-04 01:22:00,Tara,Important: The cafeteria closes at 8 PM.
MSG_0108,2026-09-04 01:59:00,Rohan,"Quick update: Just so you know, i drink coffee without sugar."
MSG_0109,2026-09-04 02:36:00,Meera,"Can you help? For my profile, my emergency contact is my brother."
MSG_0110,2026-09-04 03:13:00,Vikram,"FYI: If possible, review the file before the meeting."
MSG_0111,2026-09-04 03:50:00,Neha,FYI: I need you to review the model results by 2026-09-10.
MSG_0112,2026-09-04 04:27:00,Maya,Just checking—Can you send the revised presentation before 2026-09-04?
MSG_0113,2026-09-04 05:04:00,Rohan,Quick update: Prepare the demo video is due on 2026-09-09.
MSG_0114,2026-09-04 05:41:00,Ananya,Please complete the Python exercise by 2026-09-08.
MSG_0115,2026-09-04 06:18:00,Tara,Quick update: Don't forget to call the service centre; deadline is 2026-09-07.
MSG_0116,2026-09-04 06:55:00,HR Team,Quick update: Tomorrow is a public holiday.
MSG_0117,2026-09-04 07:32:00,Vikram,Please note: The temporary access token is tok_demo_A8K29Q-13.
MSG_0118,2026-09-04 08:09:00,Tara,For today: My identification number is ID-7842-XY-34.
MSG_0119,2026-09-04 08:46:00,Meera,Can you help? Send the expense receipt is due on 2026-09-08.
MSG_0120,2026-09-04 09:23:00,Kabir,Please note: My account recovery code is RC-88-KL-19-19.
MSG_0121,2026-09-04 10:00:00,Kabir,"Hi, Please call Maya when you are free."
MSG_0122,2026-09-04 10:37:00,Tara,"Hi, Reminder: mentor catch-up happens on 2026-09-11 at 14:00 in the cafeteria."
MSG_0123,2026-09-04 11:14:00,Meera,"Quick update: Calendar update: placement briefing, 2026-09-19 at 14:00, the library."
MSG_0124,2026-09-04 11:51:00,Kabir,Please note: Reminder: mentor catch-up happens on 2026-09-06 at 9:00 in the city clinic.
MSG_0125,2026-09-04 12:28:00,Aarav,For today: The building entrance has moved temporarily.
MSG_0126,2026-09-04 13:05:00,Maya,Can you help? You can contact me on 98765 43210-86.
MSG_0127,2026-09-04 13:42:00,Tara,FYI: Reminder: doctor appointment happens on 2026-09-11 at 14:00 in the cafeteria.
MSG_0128,2026-09-04 14:19:00,Vikram,One more thing: Tomorrow is a public holiday.
MSG_0129,2026-09-04 14:56:00,Rohan,"Important: Calendar update: team stand-up, 2026-09-14 at 13:00, the college auditorium."
MSG_0130,2026-09-04 15:33:00,Aarav,"Can you help? My home address is 42 Lake View Road, Chennai-85."
MSG_0131,2026-09-04 16:10:00,Ananya,One more thing: The project review is scheduled for 2026-09-17 at 16:00 in Zoom.
MSG_0132,2026-09-04 16:47:00,Tara,Just checking—Maya asked whether the demo was ready.
MSG_0133,2026-09-04 17:24:00,Maya,Important: Let us meet sometime next week.
MSG_0134,2026-09-04 18:01:00,Kabir,"Hi, Remember that my T-shirt size is medium."
MSG_0135,2026-09-04 18:38:00,Tara,Quick update: Reminder: mentor catch-up happens on 2026-09-21 at 16:00 in the cafeteria.
MSG_0136,2026-09-04 19:15:00,Rohan,Prepare the demo video is due on 2026-09-05.
MSG_0137,2026-09-04 19:52:00,Kabir,My account recovery code is RC-88-KL-19.
MSG_0138,2026-09-04 20:29:00,Ananya,For today: The product demo is scheduled for 2026-09-17 at 16:00 in Zoom.
MSG_0139,2026-09-04 21:06:00,Maya,Important: Can you update the project tracker before 2026-09-07?
MSG_0140,2026-09-04 21:43:00,Ishaan,Can you help? Use password BlueRiver#29-81 to sign in to the test account.
MSG_0141,2026-09-04 22:20:00,Tara,For today: The event registration desk opens at 9 AM.
MSG_0142,2026-09-04 22:57:00,Promotions,Important: Flash sale on laptops starts at 6 PM. Use code SAVE33.
MSG_0143,2026-09-04 23:34:00,Vikram,"For today: Just so you know, i use dark mode."
MSG_0144,2026-09-05 00:11:00,Tara,Please note: Don't forget to call the service centre; deadline is 2026-09-05.
MSG_0145,2026-09-05 00:48:00,Ananya,FYI: Please complete the Python exercise by 2026-09-04.
MSG_0146,2026-09-05 01:25:00,Rohan,For today: Remember that i drink coffee without sugar.
MSG_0147,2026-09-05 02:02:00,Rohan,FYI: Prepare the demo video is due on 2026-09-10.
MSG_0148,2026-09-05 02:39:00,Neha,Can you help? I will send the login details separately.
MSG_0149,2026-09-05 03:16:00,Aarav,"Hi, The event registration desk opens at 9 AM."
MSG_0150,2026-09-05 03:53:00,Tara,One more thing: Don't forget to call the service centre; deadline is 2026-09-03.
MSG_0151,2026-09-05 04:30:00,Ananya,FYI: The project review is scheduled for 2026-09-07 at 10:00 in Zoom.
MSG_0152,2026-09-05 05:07:00,Rohan,"Hi, The report may be needed tomorrow."
MSG_0153,2026-09-05 05:44:00,Ishaan,"Hi, Can you finish the test cases before 2026-09-07?"
MSG_0154,2026-09-05 06:21:00,Rohan,"One more thing: Calendar update: placement briefing, 2026-09-04 at 15:00, the college auditorium."
MSG_0155,2026-09-05 06:58:00,Kabir,FYI: My account recovery code is RC-88-KL-19-79.
MSG_0156,2026-09-05 07:35:00,Rohan,"For today: Calendar update: placement briefing, 2026-09-14 at 13:00, the college auditorium."
MSG_0157,2026-09-05 08:12:00,Neha,Just checking—I need you to verify the dataset labels by 2026-09-07.
MSG_0158,2026-09-05 08:49:00,Maya,Important: Personal note: my favourite language is Python.
MSG_0159,2026-09-05 09:26:00,Kabir,"Hi, The webinar recording is now available."
MSG_0160,2026-09-05 10:03:00,Aarav,Important: Please submit the weekly report by 2026-09-05.
MSG_0161,2026-09-05 10:40:00,Ishaan,Just checking—The building entrance has moved temporarily.
MSG_0162,2026-09-05 11:17:00,Maya,"Important: Please join the study-group session on 2026-09-03, 14:00 at Google Meet."
MSG_0163,2026-09-05 11:54:00,Tara,FYI: Don't forget to call the service centre; deadline is 2026-09-08.
MSG_0164,2026-09-05 12:31:00,Vikram,Just checking—The support team changed its working hours.
MSG_0165,2026-09-05 13:08:00,Maya,"One more thing: For my profile, my favourite language is Python."
MSG_0166,2026-09-05 13:45:00,Tara,Personal note: i am vegetarian.
MSG_0167,2026-09-05 14:22:00,Promotions,Special festival discount on clothing. Use code SAVE17.
MSG_0168,2026-09-05 14:59:00,Ishaan,"Hi, Please join the AI workshop on 2026-09-08, 11:00 at Conference Room 2."
MSG_0169,2026-09-05 15:36:00,Kabir,Important: Reminder: sprint planning happens on 2026-09-06 at 9:00 in the city clinic.
MSG_0170,2026-09-05 16:13:00,Meera,FYI: Share the meeting notes is due on 2026-09-05.
MSG_0171,2026-09-05 16:50:00,Aarav,For today: Please confirm the interview slot by 2026-09-09.
MSG_0172,2026-09-05 17:27:00,Aarav,"Important: My home address is 42 Lake View Road, Chennai-65."
MSG_0173,2026-09-05 18:04:00,Neha,One more thing: I need you to review the model results by 2026-09-05.
MSG_0174,2026-09-05 18:41:00,Meera,One more thing: The office Wi-Fi will be under maintenance tonight.
MSG_0175,2026-09-05 19:18:00,Neha,Just checking—I need you to review the model results by 2026-09-06.
MSG_0176,2026-09-05 19:55:00,Vikram,For today: The project folder was reorganized.
MSG_0177,2026-09-05 20:32:00,Tara,FYI: Reminder: sprint planning happens on 2026-09-21 at 16:00 in the cafeteria.
MSG_0178,2026-09-05 21:09:00,Vikram,Just checking—I need you to renew the library book by 2026-09-02.
MSG_0179,2026-09-05 21:46:00,Ishaan,Please note: Remember that i prefer receiving updates by email.
MSG_0180,2026-09-05 22:23:00,Tara,One more thing: Maya asked whether the demo was ready.
MSG_0181,2026-09-05 23:00:00,Ishaan,For today: Remember that i prefer receiving updates by email.
MSG_0182,2026-09-05 23:37:00,Rohan,"Hi, Just so you know, i drink coffee without sugar."
MSG_0183,2026-09-06 00:14:00,Kabir,"Just checking—Just so you know, my T-shirt size is medium."
MSG_0184,2026-09-06 00:51:00,Meera,"Can you help? Calendar update: placement briefing, 2026-09-09 at 16:00, the library."
MSG_0185,2026-09-06 01:28:00,Rohan,FYI: Remember that i drink coffee without sugar.
MSG_0186,2026-09-06 02:05:00,Kabir,Please note: The laptop battery is fully charged.
MSG_0187,2026-09-06 02:42:00,Rohan,Just checking—My recent test result says vitamin D deficiency-57.
MSG_0188,2026-09-06 03:19:00,HR Team,For today: The report template has been updated.
MSG_0189,2026-09-06 03:56:00,Ananya,FYI: I might prefer evening meetings now.
MSG_0190,2026-09-06 04:33:00,Vikram,"If possible, review the file before the meeting."
MSG_0191,2026-09-06 05:10:00,Maya,Quick update: You can contact me on 98765 43210-26.
MSG_0192,2026-09-06 05:47:00,Promotions,One more thing: Limited-time offer: buy one course and get one free. Use code SAVE21.
MSG_0193,2026-09-06 06:24:00,Kabir,Please call Maya when you are free.
MSG_0194,2026-09-06 07:01:00,Project Lead,FYI: The laptop battery is fully charged.
MSG_0195,2026-09-06 07:38:00,Aarav,One more thing: Please confirm the interview slot by 2026-09-03.
MSG_0196,2026-09-06 08:15:00,Vikram,"One more thing: Just so you know, i use dark mode."
MSG_0197,2026-09-06 08:52:00,Neha,Please note: The event registration desk opens at 9 AM.
MSG_0198,2026-09-06 09:29:00,Vikram,"Hi, If possible, review the file before the meeting."
MSG_0199,2026-09-06 10:06:00,Aarav,"Quick update: My home address is 42 Lake View Road, Chennai-25."
MSG_0200,2026-09-06 10:43:00,Ananya,Just checking—The report template has been updated.
MSG_0201,2026-09-06 11:20:00,Rohan,"Please note: Calendar update: placement briefing, 2026-09-04 at 15:00, the college auditorium."
MSG_0202,2026-09-06 11:57:00,Promotions,Just checking—Book movie tickets today and receive cashback. Use code SAVE26.
MSG_0203,2026-09-06 12:34:00,Rohan,One more thing: Prepare the demo video is due on 2026-09-05.
MSG_0204,2026-09-06 13:11:00,Neha,FYI: Personal note: i usually study after dinner.
MSG_0205,2026-09-06 13:48:00,Promotions,"Hi, Get 25% off selected headphones this weekend. Use code SAVE10."
MSG_0206,2026-09-06 14:25:00,Promotions,"Hi, Your food-delivery coupon expires tonight. Use code SAVE12."
MSG_0207,2026-09-06 15:02:00,Maya,FYI: Let us meet sometime next week.
MSG_0208,2026-09-06 15:39:00,Aarav,Quick update: Please submit the weekly report by 2026-09-06.
MSG_0209,2026-09-06 16:16:00,Meera,"Please note: Calendar update: team stand-up, 2026-09-19 at 10:00, the library."
MSG_0210,2026-09-06 16:53:00,Ishaan,Just checking—Can you finish the test cases before 2026-09-09?
MSG_0211,2026-09-06 17:30:00,Vikram,"Just checking—Just so you know, i use dark mode."
MSG_0212,2026-09-06 18:07:00,Tara,"One more thing: For my profile, i am vegetarian."
MSG_0213,2026-09-06 18:44:00,Meera,FYI: The review could be Friday afternoon.
MSG_0214,2026-09-06 19:21:00,Maya,Important: The library has extended weekend hours.
MSG_0215,2026-09-06 19:58:00,Ishaan,For today: Can you review the privacy checklist before 2026-09-06?
MSG_0216,2026-09-06 20:35:00,Aarav,Important: The project review is scheduled for 2026-09-12 at 11:00 in Meeting Room A.
MSG_0217,2026-09-06 21:12:00,Meera,Please note: The review could be Friday afternoon.
MSG_0218,2026-09-06 21:49:00,Kabir,Reminder: sprint planning happens on 2026-09-16 at 15:00 in the city clinic.
MSG_0219,2026-09-06 22:26:00,Meera,Quick update: Send the expense receipt is due on 2026-09-05.
MSG_0220,2026-09-06 23:03:00,Aarav,Important: Please confirm the interview slot by 2026-09-06.
MSG_0221,2026-09-06 23:40:00,Ishaan,FYI: Can you finish the test cases before 2026-09-04?
MSG_0222,2026-09-07 00:17:00,Ishaan,"One more thing: Please join the internship orientation on 2026-09-18, 9:00 at Conference Room 2."
MSG_0223,2026-09-07 00:54:00,Maya,"Hi, Please join the study-group session on 2026-09-13, 16:00 at Google Meet."
MSG_0224,2026-09-07 01:31:00,Neha,One more thing: The event registration desk opens at 9 AM.
MSG_0225,2026-09-07 02:08:00,Ishaan,Please note: The cafeteria closes at 8 PM.
MSG_0226,2026-09-07 02:45:00,Neha,FYI: I need you to verify the dataset labels by 2026-09-02.
MSG_0227,2026-09-07 03:22:00,Rohan,Important: The report may be needed tomorrow.
MSG_0228,2026-09-07 03:59:00,Aarav,"One more thing: Just so you know, i prefer morning meetings."
MSG_0229,2026-09-07 04:36:00,Tara,Can you help? My identification number is ID-7842-XY-84.
MSG_0230,2026-09-07 05:13:00,Ishaan,Can you help? You may like our new student plan.
MSG_0231,2026-09-07 05:50:00,Maya,Quick update: Can you send the revised presentation before 2026-09-07?
MSG_0232,2026-09-07 06:27:00,Vikram,One more thing: I need you to renew the library book by 2026-09-10.
MSG_0233,2026-09-07 07:04:00,Kabir,One more thing: My account recovery code is RC-88-KL-19-99.
MSG_0234,2026-09-07 07:41:00,Promotions,Please note: Your food-delivery coupon expires tonight. Use code SAVE22.
MSG_0235,2026-09-07 08:18:00,Rohan,Can you help? The report may be needed tomorrow.
MSG_0236,2026-09-07 08:55:00,Ishaan,Quick update: You may like our new student plan.
MSG_0237,2026-09-07 09:32:00,Promotions,For today: Flash sale on laptops starts at 6 PM. Use code SAVE43.
MSG_0238,2026-09-07 10:09:00,Neha,The building entrance has moved temporarily.
MSG_0239,2026-09-07 10:46:00,Ananya,"For today: For my profile, i live near the central library."
MSG_0240,2026-09-07 11:23:00,Rohan,Just checking—The report may be needed tomorrow.
MSG_0241,2026-09-07 12:00:00,Ishaan,One more thing: Remember that i prefer receiving updates by email.
MSG_0242,2026-09-07 12:37:00,Promotions,FYI: Earn reward points on your next purchase. Use code SAVE45.
MSG_0243,2026-09-07 13:14:00,Ananya,Just checking—Your OTP is 482193-50. It expires in 10 minutes.
MSG_0244,2026-09-07 13:51:00,Maya,"One more thing: Please join the AI workshop on 2026-09-03, 14:00 at Google Meet."
MSG_0245,2026-09-07 14:28:00,Ananya,One more thing: Please complete the Python exercise by 2026-09-08.
MSG_0246,2026-09-07 15:05:00,Ishaan,The new Python version is available.
MSG_0247,2026-09-07 15:42:00,Meera,"Hi, The library has extended weekend hours."
MSG_0248,2026-09-07 16:19:00,Meera,"Quick update: For my profile, my emergency contact is my brother."
MSG_0249,2026-09-07 16:56:00,Tara,Important: Reminder: mentor catch-up happens on 2026-09-21 at 12:00 in the cafeteria.
MSG_0250,2026-09-07 17:33:00,Neha,One more thing: Personal note: i usually study after dinner.
MSG_0251,2026-09-07 18:10:00,Tara,Don't forget to call the service centre; deadline is 2026-09-03.
MSG_0252,2026-09-07 18:47:00,Vikram,Quick update: I need you to back up the project files by 2026-09-06.
MSG_0253,2026-09-07 19:24:00,Kabir,Can you help? The webinar recording is now available.
MSG_0254,2026-09-07 20:01:00,Neha,For today: Please note my bank account number 006418220145-38.
MSG_0255,2026-09-07 20:38:00,Maya,"Hi, Please join the internship orientation on 2026-09-03, 14:00 at Google Meet."
MSG_0256,2026-09-07 21:15:00,Promotions,For today: Get 25% off selected headphones this weekend. Use code SAVE40.
MSG_0257,2026-09-07 21:52:00,Neha,FYI: Please note my bank account number 006418220145-78.
MSG_0258,2026-09-07 22:29:00,Aarav,One more thing: The client discussion is scheduled for 2026-09-02 at 13:00 in Meeting Room A.
MSG_0259,2026-09-07 23:06:00,Promotions,Can you help? Upgrade your subscription and save 30%. Use code SAVE14.
MSG_0260,2026-09-07 23:43:00,Maya,"Please note: For my profile, my favourite language is Python."
MSG_0261,2026-09-08 00:20:00,Promotions,Please note: Upgrade your subscription and save 30%. Use code SAVE24.
MSG_0262,2026-09-08 00:57:00,Ishaan,You may like our new student plan.
MSG_0263,2026-09-08 01:34:00,Rohan,FYI: The support team changed its working hours.
MSG_0264,2026-09-08 02:11:00,Tara,"Hi, My identification number is ID-7842-XY-44."
MSG_0265,2026-09-08 02:48:00,Tara,"Hi, Don't forget to pay the electricity bill; deadline is 2026-09-10."
MSG_0266,2026-09-08 03:25:00,Meera,For today: The shuttle leaves every thirty minutes.
MSG_0267,2026-09-08 04:02:00,Neha,Please note: Please note my bank account number 006418220145-18.
MSG_0268,2026-09-08 04:39:00,Tara,Please note: Reminder: sprint planning happens on 2026-09-11 at 14:00 in the cafeteria.
MSG_0269,2026-09-08 05:16:00,Kabir,For today: Don't forget to upload the assignment; deadline is 2026-09-03.
MSG_0270,2026-09-08 05:53:00,Kabir,One more thing: The laptop battery is fully charged.
MSG_0271,2026-09-08 06:30:00,Neha,For today: Are you available for the design review at 14:00 on 2026-09-15? Location: the main office.
MSG_0272,2026-09-08 07:07:00,Neha,"Hi, For my profile, i usually study after dinner."
MSG_0273,2026-09-08 07:44:00,Ananya,Quick update: Your OTP is 482193-20. It expires in 10 minutes.
MSG_0274,2026-09-08 08:21:00,Neha,"Hi, The cafeteria closes at 8 PM."
MSG_0275,2026-09-08 08:58:00,Meera,"FYI: Calendar update: family dinner, 2026-09-19 at 14:00, the library."
MSG_0276,2026-09-08 09:35:00,Promotions,Quick update: Free delivery on orders above 499 rupees. Use code SAVE38.
MSG_0277,2026-09-08 10:12:00,Tara,Quick update: Maya asked whether the demo was ready.
MSG_0278,2026-09-08 10:49:00,Maya,One more thing: Let us meet sometime next week.
MSG_0279,2026-09-08 11:26:00,Project Lead,Please note: The library has extended weekend hours.
MSG_0280,2026-09-08 12:03:00,Meera,Quick update: Share the meeting notes is due on 2026-09-04.
MSG_0281,2026-09-08 12:40:00,Promotions,Earn reward points on your next purchase. Use code SAVE15.
MSG_0282,2026-09-08 13:17:00,Vikram,Please note: Are you available for the technical interview at 13:00 on 2026-09-10? Location: the training hall.
MSG_0283,2026-09-08 13:54:00,Tara,Important: Don't forget to call the service centre; deadline is 2026-09-06.
MSG_0284,2026-09-08 14:31:00,HR Team,One more thing: The weather forecast says light rain.
MSG_0285,2026-09-08 15:08:00,Kabir,For today: The library has extended weekend hours.
MSG_0286,2026-09-08 15:45:00,Ananya,"Hi, Tomorrow is a public holiday."
MSG_0287,2026-09-08 16:22:00,Ananya,Just checking—Please reply to the client email by 2026-09-08.
MSG_0288,2026-09-08 16:59:00,Ananya,One more thing: Your OTP is 482193-90. It expires in 10 minutes.
MSG_0289,2026-09-08 17:36:00,Ishaan,Important: Can you finish the test cases before 2026-09-02?
MSG_0290,2026-09-08 18:13:00,Kabir,Just checking—The laptop battery is fully charged.
MSG_0291,2026-09-08 18:50:00,Ananya,The support team changed its working hours.
MSG_0292,2026-09-08 19:27:00,Promotions,Important: Get 25% off selected headphones this weekend. Use code SAVE30.
MSG_0293,2026-09-08 20:04:00,Vikram,Quick update: Are you available for the design review at 15:00 on 2026-09-20? Location: the training hall.
MSG_0294,2026-09-08 20:41:00,Tara,Reminder: mentor catch-up happens on 2026-09-11 at 10:00 in the cafeteria.
MSG_0295,2026-09-08 21:18:00,Promotions,Free delivery on orders above 499 rupees. Use code SAVE18.
MSG_0296,2026-09-08 21:55:00,Meera,"Important: For my profile, my emergency contact is my brother."
MSG_0297,2026-09-08 22:32:00,Vikram,"Please note: Just so you know, i use dark mode."
MSG_0298,2026-09-08 23:09:00,Promotions,Can you help? Earn reward points on your next purchase. Use code SAVE15.
MSG_0299,2026-09-08 23:46:00,Promotions,Just checking—Earn reward points on your next purchase. Use code SAVE25.
MSG_0300,2026-09-09 00:23:00,Maya,For today: Can you update the project tracker before 2026-09-10?
MSG_0301,2026-09-09 01:00:00,Ananya,Can you help? Please reply to the client email by 2026-09-05.
MSG_0302,2026-09-09 01:37:00,Ananya,Important: The client discussion is scheduled for 2026-09-17 at 16:00 in Zoom.
MSG_0303,2026-09-09 02:14:00,Ishaan,One more thing: The cafeteria closes at 8 PM.
MSG_0304,2026-09-09 02:51:00,Promotions,Join our premium plan for exclusive benefits. Use code SAVE19.
MSG_0305,2026-09-09 03:28:00,Kabir,"Please note: Just so you know, my T-shirt size is medium."
MSG_0306,2026-09-09 04:05:00,Neha,Please note: I need you to review the model results by 2026-09-07.
MSG_0307,2026-09-09 04:42:00,Maya,"Hi, Can you send the revised presentation before 2026-09-02?"
MSG_0308,2026-09-09 05:19:00,Ishaan,"Hi, Just so you know, i prefer receiving updates by email."
MSG_0309,2026-09-09 05:56:00,Kabir,Can you help? Don't forget to email the signed document; deadline is 2026-09-05.
MSG_0310,2026-09-09 06:33:00,Aarav,Could you send it soon?
MSG_0311,2026-09-09 07:10:00,Ishaan,"For today: Please join the study-group session on 2026-09-18, 9:00 at Conference Room 2."
MSG_0312,2026-09-09 07:47:00,Vikram,"Hi, I need you to back up the project files by 2026-09-10."
MSG_0313,2026-09-09 08:24:00,Meera,Quick update: The laptop battery is fully charged.
MSG_0314,2026-09-09 09:01:00,Aarav,Please confirm the interview slot by 2026-09-03.
MSG_0315,2026-09-09 09:38:00,Kabir,Important: My account recovery code is RC-88-KL-19-69.
MSG_0316,2026-09-09 10:15:00,Vikram,FYI: Are you available for the technical interview at 15:00 on 2026-09-20? Location: the training hall.
MSG_0317,2026-09-09 10:52:00,Maya,Can you send the revised presentation before 2026-09-03?
MSG_0318,2026-09-09 11:29:00,Promotions,For today: Free delivery on orders above 499 rupees. Use code SAVE48.
MSG_0319,2026-09-09 12:06:00,Aarav,Quick update: Remember that i prefer morning meetings.
MSG_0320,2026-09-09 12:43:00,Neha,"Hi, The building entrance has moved temporarily."
MSG_0321,2026-09-09 13:20:00,Neha,For today: Personal note: i usually study after dinner.
MSG_0322,2026-09-09 13:57:00,HR Team,FYI: The report template has been updated.
MSG_0323,2026-09-09 14:34:00,Aarav,Can you help? Could you send it soon?
MSG_0324,2026-09-09 15:11:00,Maya,For today: The office Wi-Fi will be under maintenance tonight.
MSG_0325,2026-09-09 15:48:00,Maya,The laptop battery is fully charged.
MSG_0326,2026-09-09 16:25:00,Kabir,Quick update: Remember that my T-shirt size is medium.
MSG_0327,2026-09-09 17:02:00,Vikram,For today: Are you available for the college seminar at 9:00 on 2026-09-10? Location: the training hall.
MSG_0328,2026-09-09 17:39:00,Promotions,Important: Upgrade your subscription and save 30%. Use code SAVE34.
MSG_0329,2026-09-09 18:16:00,Ishaan,FYI: The training material is on the portal.
MSG_0330,2026-09-09 18:53:00,Maya,"Please note: Please join the AI workshop on 2026-09-03, 14:00 at Google Meet."
MSG_0331,2026-09-09 19:30:00,Rohan,Can you help? Complete the onboarding form is due on 2026-09-02.
MSG_0332,2026-09-09 20:07:00,Vikram,Remember that i use dark mode.
MSG_0333,2026-09-09 20:44:00,HR Team,Just checking—The weather forecast says light rain.
MSG_0334,2026-09-09 21:21:00,Vikram,Please note: I need you to back up the project files by 2026-09-04.
MSG_0335,2026-09-09 21:58:00,Aarav,Quick update: Please confirm the interview slot by 2026-09-07.
MSG_0336,2026-09-09 22:35:00,Neha,For today: The new Python version is available.
MSG_0337,2026-09-09 23:12:00,Maya,You can contact me on 98765 43210.
MSG_0338,2026-09-09 23:49:00,Aarav,"Hi, The product demo is scheduled for 2026-09-12 at 15:00 in Meeting Room A."
MSG_0339,2026-09-10 00:26:00,Tara,Quick update: Don't forget to pay the electricity bill; deadline is 2026-09-06.
MSG_0340,2026-09-10 01:03:00,Vikram,FYI: I need you to back up the project files by 2026-09-07.
MSG_0341,2026-09-10 01:40:00,Promotions,Important: Earn reward points on your next purchase. Use code SAVE35.
MSG_0342,2026-09-10 02:17:00,Aarav,Can you help? The product demo is scheduled for 2026-09-12 at 11:00 in Meeting Room A.
MSG_0343,2026-09-10 02:54:00,Ishaan,Just checking—You may like our new student plan.
MSG_0344,2026-09-10 03:31:00,Ishaan,"Hi, Use password BlueRiver#29-41 to sign in to the test account."
MSG_0345,2026-09-10 04:08:00,Kabir,Just checking—Don't forget to upload the assignment; deadline is 2026-09-07.
MSG_0346,2026-09-10 04:45:00,Ishaan,Quick update: Use password BlueRiver#29-21 to sign in to the test account.
MSG_0347,2026-09-10 05:22:00,Tara,Just checking—My identification number is ID-7842-XY-54.
MSG_0348,2026-09-10 05:59:00,Tara,Maya asked whether the demo was ready.
MSG_0349,2026-09-10 06:36:00,Tara,My identification number is ID-7842-XY.
MSG_0350,2026-09-10 07:13:00,Maya,Let us meet sometime next week.
MSG_0351,2026-09-10 07:50:00,Vikram,Quick update: The temporary access token is tok_demo_A8K29Q-23.
MSG_0352,2026-09-10 08:27:00,Neha,Can you help? Please note my bank account number 006418220145-88.
MSG_0353,2026-09-10 09:04:00,Ananya,Quick update: Personal note: i live near the central library.
MSG_0354,2026-09-10 09:41:00,Maya,Can you help? Let us meet sometime next week.
MSG_0355,2026-09-10 10:18:00,Neha,Just checking—Personal note: i usually study after dinner.
MSG_0356,2026-09-10 10:55:00,Aarav,FYI: The client discussion is scheduled for 2026-09-12 at 15:00 in Meeting Room A.
MSG_0357,2026-09-10 11:32:00,Ananya,Just checking—The project review is scheduled for 2026-09-17 at 12:00 in Zoom.
MSG_0358,2026-09-10 12:09:00,Meera,Send the expense receipt is due on 2026-09-10.
MSG_0359,2026-09-10 12:46:00,Neha,"Hi, Are you available for the technical interview at 10:00 on 2026-09-15? Location: the main office."
MSG_0360,2026-09-10 13:23:00,Neha,For today: I need you to verify the dataset labels by 2026-09-03.
MSG_0361,2026-09-10 14:00:00,Rohan,Important: Prepare the demo video is due on 2026-09-08.
MSG_0362,2026-09-10 14:37:00,Promotions,Can you help? Book movie tickets today and receive cashback. Use code SAVE16.
MSG_0363,2026-09-10 15:14:00,Vikram,Can you help? Are you available for the design review at 9:00 on 2026-09-10? Location: the training hall.
MSG_0364,2026-09-10 15:51:00,Promotions,For today: Book movie tickets today and receive cashback. Use code SAVE46.
MSG_0365,2026-09-10 16:28:00,Ananya,One more thing: Please reply to the client email by 2026-09-07.
MSG_0366,2026-09-10 17:05:00,Ananya,FYI: Please reply to the client email by 2026-09-03.
MSG_0367,2026-09-10 17:42:00,Meera,"Hi, My card number is 4111 1111 1111 1111-42."
MSG_0368,2026-09-10 18:19:00,Kabir,Please note: Don't forget to email the signed document; deadline is 2026-09-09.
MSG_0369,2026-09-10 18:56:00,Aarav,Please note: Please submit the weekly report by 2026-09-04.
MSG_0370,2026-09-10 19:33:00,Ananya,Quick update: The project folder was reorganized.
MSG_0371,2026-09-10 20:10:00,Aarav,Can you help? Remember that i prefer morning meetings.
MSG_0372,2026-09-10 20:47:00,Aarav,"FYI: Just so you know, i prefer morning meetings."
MSG_0373,2026-09-10 21:24:00,Promotions,Please note: Earn reward points on your next purchase. Use code SAVE25.
MSG_0374,2026-09-10 22:01:00,Kabir,Can you help? Remember that my T-shirt size is medium.
MSG_0375,2026-09-10 22:38:00,Promotions,"Hi, Book movie tickets today and receive cashback. Use code SAVE16."
MSG_0376,2026-09-10 23:15:00,Ishaan,For today: Use password BlueRiver#29-31 to sign in to the test account.
MSG_0377,2026-09-10 23:52:00,Vikram,"One more thing: If possible, review the file before the meeting."
MSG_0378,2026-09-11 00:29:00,Maya,"Important: Please join the internship orientation on 2026-09-13, 12:00 at Google Meet."
MSG_0379,2026-09-11 01:06:00,Aarav,One more thing: Please submit the weekly report by 2026-09-02.
MSG_0380,2026-09-11 01:43:00,Rohan,Please note: Remember that i drink coffee without sugar.
MSG_0381,2026-09-11 02:20:00,Maya,"Just checking—For my profile, my favourite language is Python."
MSG_0382,2026-09-11 02:57:00,Ananya,For today: The project review is scheduled for 2026-09-07 at 14:00 in Zoom.
MSG_0383,2026-09-11 03:34:00,Meera,Just checking—The webinar recording is now available.
MSG_0384,2026-09-11 04:11:00,Neha,"Hi, Are you available for the college seminar at 16:00 on 2026-09-05? Location: the main office."
MSG_0385,2026-09-11 04:48:00,Aarav,"My home address is 42 Lake View Road, Chennai."
MSG_0386,2026-09-11 05:25:00,Aarav,FYI: Could you send it soon?
MSG_0387,2026-09-11 06:02:00,HR Team,The project folder was reorganized.
MSG_0388,2026-09-11 06:39:00,Tara,Can you help? The training material is on the portal.
MSG_0389,2026-09-11 07:16:00,Vikram,The temporary access token is tok_demo_A8K29Q.
MSG_0390,2026-09-11 07:53:00,Promotions,Can you help? Free delivery on orders above 499 rupees. Use code SAVE18.
MSG_0391,2026-09-11 08:30:00,Promotions,FYI: Upgrade your subscription and save 30%. Use code SAVE44.
MSG_0392,2026-09-11 09:07:00,HR Team,Can you help? The project folder was reorganized.
MSG_0393,2026-09-11 09:44:00,Aarav,Quick update: Could you send it soon?
MSG_0394,2026-09-11 10:21:00,Kabir,FYI: Don't forget to email the signed document; deadline is 2026-09-03.
MSG_0395,2026-09-11 10:58:00,Vikram,Can you help? Remember that i use dark mode.
MSG_0396,2026-09-11 11:35:00,Ananya,"Hi, Please complete the Python exercise by 2026-09-07."
MSG_0397,2026-09-11 12:12:00,Neha,Just checking—Please note my bank account number 006418220145-58.
MSG_0398,2026-09-11 12:49:00,Rohan,FYI: Complete the onboarding form is due on 2026-09-09.
MSG_0399,2026-09-11 13:26:00,Vikram,One more thing: The support team changed its working hours.
MSG_0400,2026-09-11 14:03:00,HR Team,Important: The support team changed its working hours.
MSG_0401,2026-09-11 14:40:00,Vikram,I need you to back up the project files by 2026-09-02.
MSG_0402,2026-09-11 15:17:00,Ananya,One more thing: I might prefer evening meetings now.
MSG_0403,2026-09-11 15:54:00,Kabir,Quick update: My account recovery code is RC-88-KL-19-29.
MSG_0404,2026-09-11 16:31:00,Ananya,Can you help? Tomorrow is a public holiday.
MSG_0405,2026-09-11 17:08:00,Kabir,Quick update: Reminder: doctor appointment happens on 2026-09-16 at 11:00 in the city clinic.
MSG_0406,2026-09-11 17:45:00,Maya,"Hi, The laptop battery is fully charged."
MSG_0407,2026-09-11 18:22:00,Maya,Important: Can you send the revised presentation before 2026-09-06?
MSG_0408,2026-09-11 18:59:00,Aarav,Remember that i prefer morning meetings.
MSG_0409,2026-09-11 19:36:00,Promotions,Quick update: Book movie tickets today and receive cashback. Use code SAVE36.
MSG_0410,2026-09-11 20:13:00,Kabir,Can you help? Please call Maya when you are free.
MSG_0411,2026-09-11 20:50:00,Maya,Please note: You can contact me on 98765 43210-16.
MSG_0412,2026-09-11 21:27:00,Maya,One more thing: Can you update the project tracker before 2026-09-04?
MSG_0413,2026-09-11 22:04:00,Neha,Quick update: Are you available for the technical interview at 12:00 on 2026-09-05? Location: the main office.
MSG_0414,2026-09-11 22:41:00,Neha,One more thing: Are you available for the design review at 16:00 on 2026-09-05? Location: the main office.
MSG_0415,2026-09-11 23:18:00,Promotions,Can you help? Get 25% off selected headphones this weekend. Use code SAVE10.
MSG_0416,2026-09-11 23:55:00,Rohan,Please note: My recent test result says vitamin D deficiency-17.
MSG_0417,2026-09-12 00:32:00,Neha,Important: I need you to verify the dataset labels by 2026-09-09.
MSG_0418,2026-09-12 01:09:00,Ananya,Please note: Please reply to the client email by 2026-09-09.
MSG_0419,2026-09-12 01:46:00,Meera,Quick update: My card number is 4111 1111 1111 1111-22.
MSG_0420,2026-09-12 02:23:00,Rohan,One more thing: Complete the onboarding form is due on 2026-09-04.
MSG_0421,2026-09-12 03:00:00,Ananya,"Just checking—For my profile, i live near the central library."
MSG_0422,2026-09-12 03:37:00,Ananya,Quick update: Please complete the Python exercise by 2026-09-03.
MSG_0423,2026-09-12 04:14:00,Aarav,Quick update: The product demo is scheduled for 2026-09-02 at 9:00 in Meeting Room A.
MSG_0424,2026-09-12 04:51:00,Tara,Just checking—Reminder: sprint planning happens on 2026-09-11 at 10:00 in the cafeteria.
MSG_0425,2026-09-12 05:28:00,Neha,Important: I need you to review the model results by 2026-09-08.
MSG_0426,2026-09-12 06:05:00,Tara,"Just checking—For my profile, i am vegetarian."
MSG_0427,2026-09-12 06:42:00,Ananya,Please note: The project review is scheduled for 2026-09-17 at 16:00 in Zoom.
MSG_0428,2026-09-12 07:19:00,Tara,Important: Maya asked whether the demo was ready.
MSG_0429,2026-09-12 07:56:00,Ananya,"FYI: For my profile, i live near the central library."
MSG_0430,2026-09-12 08:33:00,Ishaan,"FYI: Please join the internship orientation on 2026-09-08, 11:00 at Conference Room 2."
MSG_0431,2026-09-12 09:10:00,Aarav,The event registration desk opens at 9 AM.
MSG_0432,2026-09-12 09:47:00,Promotions,Can you help? Limited-time offer: buy one course and get one free. Use code SAVE11.
MSG_0433,2026-09-12 10:24:00,Ishaan,Just checking—The cafeteria closes at 8 PM.
MSG_0434,2026-09-12 11:01:00,Meera,Please note: The webinar recording is now available.
MSG_0435,2026-09-12 11:38:00,Rohan,"Can you help? Calendar update: family dinner, 2026-09-14 at 13:00, the college auditorium."
MSG_0436,2026-09-12 12:15:00,Vikram,For today: The temporary access token is tok_demo_A8K29Q-33.
MSG_0437,2026-09-12 12:52:00,Aarav,"For today: Just so you know, i prefer morning meetings."
MSG_0438,2026-09-12 13:29:00,Kabir,One more thing: Please call Maya when you are free.
MSG_0439,2026-09-12 14:06:00,Tara,FYI: Maya asked whether the demo was ready.
MSG_0440,2026-09-12 14:43:00,Rohan,FYI: Tomorrow is a public holiday.
MSG_0441,2026-09-12 15:20:00,Neha,"Can you help? For my profile, i usually study after dinner."
MSG_0442,2026-09-12 15:57:00,Neha,Can you help? The cafeteria closes at 8 PM.
MSG_0443,2026-09-12 16:34:00,Rohan,Important: The weather forecast says light rain.
MSG_0444,2026-09-12 17:11:00,Maya,Quick update: Let us meet sometime next week.
MSG_0445,2026-09-12 17:48:00,Vikram,One more thing: Are you available for the technical interview at 13:00 on 2026-09-10? Location: the training hall.
MSG_0446,2026-09-12 18:25:00,Ananya,Can you help? Personal note: i live near the central library.
MSG_0447,2026-09-12 19:02:00,Promotions,For today: Your food-delivery coupon expires tonight. Use code SAVE42.
MSG_0448,2026-09-12 19:39:00,Promotions,FYI: Join our premium plan for exclusive benefits. Use code SAVE49.
MSG_0449,2026-09-12 20:16:00,Ishaan,"Important: Please join the AI workshop on 2026-09-18, 9:00 at Conference Room 2."
MSG_0450,2026-09-12 20:53:00,Neha,Important: Are you available for the college seminar at 14:00 on 2026-09-15? Location: the main office.
MSG_0451,2026-09-12 21:30:00,Ananya,Please reply to the client email by 2026-09-07.
MSG_0452,2026-09-12 22:07:00,Ishaan,Important: The event registration desk opens at 9 AM.
MSG_0453,2026-09-12 22:44:00,Tara,Quick update: Personal note: i am vegetarian.
MSG_0454,2026-09-12 23:21:00,Promotions,Quick update: Your food-delivery coupon expires tonight. Use code SAVE32.
MSG_0455,2026-09-12 23:58:00,Neha,One more thing: I need you to verify the dataset labels by 2026-09-06.
MSG_0456,2026-09-13 00:35:00,Aarav,Just checking—The client discussion is scheduled for 2026-09-02 at 9:00 in Meeting Room A.
MSG_0457,2026-09-13 01:12:00,Vikram,"Can you help? If possible, review the file before the meeting."
MSG_0458,2026-09-13 01:49:00,Rohan,"Calendar update: team stand-up, 2026-09-04 at 11:00, the college auditorium."
MSG_0459,2026-09-13 02:26:00,Rohan,Just checking—The project folder was reorganized.
MSG_0460,2026-09-13 03:03:00,Neha,Quick update: I will send the login details separately.
MSG_0461,2026-09-13 03:40:00,Promotions,Can you help? Flash sale on laptops starts at 6 PM. Use code SAVE13.
MSG_0462,2026-09-13 04:17:00,Meera,Can you help? The review could be Friday afternoon.
MSG_0463,2026-09-13 04:54:00,Vikram,"Hi, The weather forecast says light rain."
MSG_0464,2026-09-13 05:31:00,Tara,Please note: Maya asked whether the demo was ready.
MSG_0465,2026-09-13 06:08:00,Kabir,"Hi, Reminder: doctor appointment happens on 2026-09-06 at 9:00 in the city clinic."
MSG_0466,2026-09-13 06:45:00,Ishaan,"Hi, You may like our new student plan."
MSG_0467,2026-09-13 07:22:00,Neha,I need you to review the model results by 2026-09-05.
MSG_0468,2026-09-13 07:59:00,Ishaan,Can you help? Can you finish the test cases before 2026-09-06?
MSG_0469,2026-09-13 08:36:00,Tara,"Hi, Maya asked whether the demo was ready."
MSG_0470,2026-09-13 09:13:00,Project Lead,Just checking—The library has extended weekend hours.
MSG_0471,2026-09-13 09:50:00,Ishaan,FYI: Use password BlueRiver#29-71 to sign in to the test account.
MSG_0472,2026-09-13 10:27:00,Project Lead,The shuttle leaves every thirty minutes.
MSG_0473,2026-09-13 11:04:00,Meera,Please note: Send the expense receipt is due on 2026-09-03.
MSG_0474,2026-09-13 11:41:00,Ananya,Can you help? The support team changed its working hours.
MSG_0475,2026-09-13 12:18:00,Aarav,"Just checking—My home address is 42 Lake View Road, Chennai-55."
MSG_0476,2026-09-13 12:55:00,Vikram,"FYI: Just so you know, i use dark mode."
MSG_0477,2026-09-13 13:32:00,Vikram,The weather forecast says light rain.
MSG_0478,2026-09-13 14:09:00,Tara,"Hi, The training material is on the portal."
MSG_0479,2026-09-13 14:46:00,Rohan,"Hi, Calendar update: family dinner, 2026-09-14 at 9:00, the college auditorium."
MSG_0480,2026-09-13 15:23:00,Aarav,FYI: Please confirm the interview slot by 2026-09-08.
MSG_0481,2026-09-13 16:00:00,Ishaan,Please note: Can you review the privacy checklist before 2026-09-02?
MSG_0482,2026-09-13 16:37:00,Neha,The cafeteria closes at 8 PM.
MSG_0483,2026-09-13 17:14:00,Neha,Quick update: I need you to verify the dataset labels by 2026-09-10.
MSG_0484,2026-09-13 17:51:00,Rohan,"Can you help? Calendar update: team stand-up, 2026-09-04 at 11:00, the college auditorium."
MSG_0485,2026-09-13 18:28:00,Meera,"Hi, Send the expense receipt is due on 2026-09-09."
MSG_0486,2026-09-13 19:05:00,Aarav,One more thing: Could you send it soon?
MSG_0487,2026-09-13 19:42:00,Ishaan,Just checking—Can you review the privacy checklist before 2026-09-10?
MSG_0488,2026-09-13 20:19:00,Kabir,For today: Reminder: mentor catch-up happens on 2026-09-16 at 15:00 in the city clinic.
MSG_0489,2026-09-13 20:56:00,Ananya,Please note: I might prefer evening meetings now.
MSG_0490,2026-09-13 21:33:00,Aarav,Quick update: The new Python version is available.
MSG_0491,2026-09-13 22:10:00,Rohan,Quick update: The weather forecast says light rain.
MSG_0492,2026-09-13 22:47:00,Aarav,Please note: Could you send it soon?
MSG_0493,2026-09-13 23:24:00,Meera,Important: The review could be Friday afternoon.
MSG_0494,2026-09-14 00:01:00,Rohan,FYI: My recent test result says vitamin D deficiency-77.
MSG_0495,2026-09-14 00:38:00,Kabir,Quick update: Please call Maya when you are free.
MSG_0496,2026-09-14 01:15:00,Tara,Quick update: My identification number is ID-7842-XY-24.
MSG_0497,2026-09-14 01:52:00,Promotions,Can you help? Join our premium plan for exclusive benefits. Use code SAVE19.
MSG_0498,2026-09-14 02:29:00,Kabir,Please note: Don't forget to upload the assignment; deadline is 2026-09-08.
MSG_0499,2026-09-14 03:06:00,Promotions,Book movie tickets today and receive cashback. Use code SAVE16.
MSG_0500,2026-09-14 03:43:00,Aarav,"Hi, Remember that i prefer morning meetings."
MSG_0501,2026-09-14 04:20:00,Aarav,Important: Remember that i prefer morning meetings.
MSG_0502,2026-09-14 04:57:00,Maya,"Hi, Let us meet sometime next week."
MSG_0503,2026-09-14 05:34:00,Tara,Can you help? Don't forget to call the service centre; deadline is 2026-09-10.
MSG_0504,2026-09-14 06:11:00,Maya,"Hi, Personal note: my favourite language is Python."
MSG_0505,2026-09-14 06:48:00,Aarav,For today: Could you send it soon?
MSG_0506,2026-09-14 07:25:00,Rohan,"Hi, The report template has been updated."
MSG_0507,2026-09-14 08:02:00,Rohan,Important: My recent test result says vitamin D deficiency-67.
MSG_0508,2026-09-14 08:39:00,Ishaan,"FYI: Please join the study-group session on 2026-09-18, 13:00 at Conference Room 2."
MSG_0509,2026-09-14 09:16:00,Aarav,FYI: The cafeteria closes at 8 PM.
MSG_0510,2026-09-14 09:53:00,Ananya,I might prefer evening meetings now.
MSG_0511,2026-09-14 10:30:00,Tara,For today: Reminder: doctor appointment happens on 2026-09-11 at 10:00 in the cafeteria.
MSG_0512,2026-09-14 11:07:00,Maya,Please note: Can you send the revised presentation before 2026-09-05?
MSG_0513,2026-09-14 11:44:00,Rohan,Can you help? Prepare the demo video is due on 2026-09-03.
MSG_0514,2026-09-14 12:21:00,Meera,One more thing: Personal note: my emergency contact is my brother.
MSG_0515,2026-09-14 12:58:00,Vikram,FYI: I need you to renew the library book by 2026-09-06.
MSG_0516,2026-09-14 13:35:00,Tara,Please note: The new Python version is available.
MSG_0517,2026-09-14 14:12:00,Neha,Can you help? I need you to verify the dataset labels by 2026-09-04.
MSG_0518,2026-09-14 14:49:00,Rohan,"Important: Just so you know, i drink coffee without sugar."
MSG_0519,2026-09-14 15:26:00,Neha,Are you available for the college seminar at 12:00 on 2026-09-05? Location: the main office.
MSG_0520,2026-09-14 16:03:00,Rohan,Please note: The project folder was reorganized.
MSG_0521,2026-09-14 16:40:00,Ishaan,Important: You may like our new student plan.
MSG_0522,2026-09-14 17:17:00,Aarav,"Please note: Just so you know, i prefer morning meetings."
MSG_0523,2026-09-14 17:54:00,Rohan,FYI: The report may be needed tomorrow.
MSG_0524,2026-09-14 18:31:00,Vikram,"Just checking—If possible, review the file before the meeting."
MSG_0525,2026-09-14 19:08:00,Rohan,Please note: The report may be needed tomorrow.
MSG_0526,2026-09-14 19:45:00,Maya,Just checking—Let us meet sometime next week.
MSG_0527,2026-09-14 20:22:00,Aarav,Can you help? Please confirm the interview slot by 2026-09-10.
MSG_0528,2026-09-14 20:59:00,Rohan,For today: Tomorrow is a public holiday.
MSG_0529,2026-09-14 21:36:00,Promotions,Please note: Free delivery on orders above 499 rupees. Use code SAVE28.
MSG_0530,2026-09-14 22:13:00,Aarav,For today: Please submit the weekly report by 2026-09-08.
MSG_0531,2026-09-14 22:50:00,Meera,One more thing: Send the expense receipt is due on 2026-09-10.
MSG_0532,2026-09-14 23:27:00,Aarav,"For today: My home address is 42 Lake View Road, Chennai-35."
MSG_0533,2026-09-15 00:04:00,Neha,One more thing: I will send the login details separately.
MSG_0534,2026-09-15 00:41:00,Promotions,Important: Free delivery on orders above 499 rupees. Use code SAVE38.
MSG_0535,2026-09-15 01:18:00,Aarav,"Please note: My home address is 42 Lake View Road, Chennai-15."
MSG_0536,2026-09-15 01:55:00,Tara,Just checking—Don't forget to pay the electricity bill; deadline is 2026-09-03.
MSG_0537,2026-09-15 02:32:00,Neha,"Hi, I need you to review the model results by 2026-09-04."
MSG_0538,2026-09-15 03:09:00,Rohan,One more thing: The project folder was reorganized.
MSG_0539,2026-09-15 03:46:00,Aarav,"FYI: My home address is 42 Lake View Road, Chennai-75."
MSG_0540,2026-09-15 04:23:00,Kabir,"For today: Just so you know, my T-shirt size is medium."
MSG_0541,2026-09-15 05:00:00,Promotions,Just checking—Get 25% off selected headphones this weekend. Use code SAVE20.
MSG_0542,2026-09-15 05:37:00,Ananya,Personal note: i live near the central library.
MSG_0543,2026-09-15 06:14:00,Vikram,Important: The report template has been updated.
MSG_0544,2026-09-15 06:51:00,Aarav,"Just checking—Just so you know, i prefer morning meetings."
MSG_0545,2026-09-15 07:28:00,Project Lead,Important: The office Wi-Fi will be under maintenance tonight.
MSG_0546,2026-09-15 08:05:00,Rohan,"Hi, Complete the onboarding form is due on 2026-09-03."
MSG_0547,2026-09-15 08:42:00,Aarav,"Hi, Please submit the weekly report by 2026-09-10."
MSG_0548,2026-09-15 09:19:00,Promotions,One more thing: Your food-delivery coupon expires tonight. Use code SAVE22.
MSG_0549,2026-09-15 09:56:00,Ishaan,"Just checking—Please join the study-group session on 2026-09-08, 15:00 at Conference Room 2."
MSG_0550,2026-09-15 10:33:00,Maya,One more thing: You can contact me on 98765 43210-96.
MSG_0551,2026-09-15 11:10:00,Rohan,Just checking—Complete the onboarding form is due on 2026-09-05.
MSG_0552,2026-09-15 11:47:00,Aarav,Please submit the weekly report by 2026-09-02.
MSG_0553,2026-09-15 12:24:00,Vikram,Please note: I need you to renew the library book by 2026-09-03.
MSG_0554,2026-09-15 13:01:00,Kabir,FYI: Don't forget to upload the assignment; deadline is 2026-09-02.
MSG_0555,2026-09-15 13:38:00,Project Lead,For today: The laptop battery is fully charged.
MSG_0556,2026-09-15 14:15:00,Meera,"Hi, Share the meeting notes is due on 2026-09-08."
MSG_0557,2026-09-15 14:52:00,Aarav,"Hi, Please confirm the interview slot by 2026-09-02."
MSG_0558,2026-09-15 15:29:00,Meera,The library has extended weekend hours.
MSG_0559,2026-09-15 16:06:00,Vikram,"Please note: If possible, review the file before the meeting."
MSG_0560,2026-09-15 16:43:00,Rohan,"Just so you know, i drink coffee without sugar."
MSG_0561,2026-09-15 17:20:00,Rohan,"Hi, Prepare the demo video is due on 2026-09-04."
MSG_0562,2026-09-15 17:57:00,Tara,FYI: The event registration desk opens at 9 AM.
MSG_0563,2026-09-15 18:34:00,Meera,FYI: The shuttle leaves every thirty minutes.
MSG_0564,2026-09-15 19:11:00,HR Team,Quick update: The support team changed its working hours.
MSG_0565,2026-09-15 19:48:00,Vikram,Are you available for the design review at 9:00 on 2026-09-10? Location: the training hall.
MSG_0566,2026-09-15 20:25:00,Meera,Just checking—Share the meeting notes is due on 2026-09-10.
MSG_0567,2026-09-15 21:02:00,Promotions,One more thing: Join our premium plan for exclusive benefits. Use code SAVE29.
MSG_0568,2026-09-15 21:39:00,Tara,The training material is on the portal.
MSG_0569,2026-09-15 22:16:00,Ishaan,FYI: Can you review the privacy checklist before 2026-09-05?
MSG_0570,2026-09-15 22:53:00,Neha,"Hi, I will send the login details separately."
MSG_0571,2026-09-15 23:30:00,Rohan,The report template has been updated.
MSG_0572,2026-09-16 00:07:00,Vikram,Can you help? The temporary access token is tok_demo_A8K29Q-83.
MSG_0573,2026-09-16 00:44:00,Promotions,FYI: Free delivery on orders above 499 rupees. Use code SAVE48.
MSG_0574,2026-09-16 01:21:00,Ishaan,Quick update: Can you finish the test cases before 2026-09-03?
MSG_0575,2026-09-16 01:58:00,Ananya,Tomorrow is a public holiday.
MSG_0576,2026-09-16 02:35:00,Tara,Important: My identification number is ID-7842-XY-64.
MSG_0577,2026-09-16 03:12:00,Ananya,Please note: Please complete the Python exercise by 2026-09-10.
MSG_0578,2026-09-16 03:49:00,Ishaan,One more thing: Can you review the privacy checklist before 2026-09-09?
MSG_0579,2026-09-16 04:26:00,Vikram,Just checking—Are you available for the technical interview at 9:00 on 2026-09-10? Location: the training hall.
MSG_0580,2026-09-16 05:03:00,Vikram,"Important: If possible, review the file before the meeting."
MSG_0581,2026-09-16 05:40:00,Rohan,My recent test result says vitamin D deficiency.
MSG_0582,2026-09-16 06:17:00,HR Team,Please note: The weather forecast says light rain.
MSG_0583,2026-09-16 06:54:00,Promotions,Please note: Get 25% off selected headphones this weekend. Use code SAVE20.
MSG_0584,2026-09-16 07:31:00,Meera,"One more thing: Calendar update: team stand-up, 2026-09-19 at 10:00, the library."
MSG_0585,2026-09-16 08:08:00,Rohan,Complete the onboarding form is due on 2026-09-04.
MSG_0586,2026-09-16 08:45:00,Promotions,FYI: Book movie tickets today and receive cashback. Use code SAVE46.
MSG_0587,2026-09-16 09:22:00,Neha,FYI: The new Python version is available.
MSG_0588,2026-09-16 09:59:00,Ananya,"Hi, The client discussion is scheduled for 2026-09-07 at 10:00 in Zoom."
MSG_0589,2026-09-16 10:36:00,Vikram,Can you help? The weather forecast says light rain.
MSG_0590,2026-09-16 11:13:00,Meera,"Calendar update: placement briefing, 2026-09-09 at 16:00, the library."
MSG_0591,2026-09-16 11:50:00,Vikram,"Hi, The temporary access token is tok_demo_A8K29Q-43."
MSG_0592,2026-09-16 12:27:00,Tara,One more thing: Reminder: doctor appointment happens on 2026-09-21 at 12:00 in the cafeteria.
MSG_0593,2026-09-16 13:04:00,Meera,Just checking—The office Wi-Fi will be under maintenance tonight.
MSG_0594,2026-09-16 13:41:00,Promotions,Please note: Book movie tickets today and receive cashback. Use code SAVE26.
MSG_0595,2026-09-16 14:18:00,Ananya,Can you help? Your OTP is 482193-80. It expires in 10 minutes.
MSG_0596,2026-09-16 14:55:00,Ananya,For today: Your OTP is 482193-30. It expires in 10 minutes.
MSG_0597,2026-09-16 15:32:00,Tara,Quick update: The building entrance has moved temporarily.
MSG_0598,2026-09-16 16:09:00,Rohan,For today: The support team changed its working hours.
MSG_0599,2026-09-16 16:46:00,Promotions,One more thing: Book movie tickets today and receive cashback. Use code SAVE26.
MSG_0600,2026-09-16 17:23:00,Neha,Can you help? Are you available for the college seminar at 12:00 on 2026-09-05? Location: the main office.
MSG_0601,2026-09-16 18:00:00,Tara,Please note: Reminder: doctor appointment happens on 2026-09-21 at 12:00 in the cafeteria.
MSG_0602,2026-09-16 18:37:00,Ishaan,For today: Can you finish the test cases before 2026-09-05?
MSG_0603,2026-09-16 19:14:00,Meera,"Please note: Calendar update: family dinner, 2026-09-09 at 12:00, the library."
MSG_0604,2026-09-16 19:51:00,Ananya,FYI: Your OTP is 482193-70. It expires in 10 minutes.
MSG_0605,2026-09-16 20:28:00,Kabir,Just checking—Don't forget to email the signed document; deadline is 2026-09-08.
MSG_0606,2026-09-16 21:05:00,Ananya,Just checking—The product demo is scheduled for 2026-09-07 at 14:00 in Zoom.
MSG_0607,2026-09-16 21:42:00,Neha,I need you to verify the dataset labels by 2026-09-06.
MSG_0608,2026-09-16 22:19:00,Promotions,Just checking—Flash sale on laptops starts at 6 PM. Use code SAVE23.
MSG_0609,2026-09-16 22:56:00,Maya,FYI: The webinar recording is now available.
MSG_0610,2026-09-16 23:33:00,Meera,Just checking—My card number is 4111 1111 1111 1111-52.
MSG_0611,2026-09-17 00:10:00,Neha,"For my profile, i usually study after dinner."
MSG_0612,2026-09-17 00:47:00,Neha,Please note: I need you to verify the dataset labels by 2026-09-08.
MSG_0613,2026-09-17 01:24:00,Meera,Please note: Personal note: my emergency contact is my brother.
MSG_0614,2026-09-17 02:01:00,Tara,Don't forget to pay the electricity bill; deadline is 2026-09-02.
MSG_0615,2026-09-17 02:38:00,Vikram,Just checking—I need you to back up the project files by 2026-09-03.
MSG_0616,2026-09-17 03:15:00,Neha,FYI: Are you available for the design review at 10:00 on 2026-09-15? Location: the main office.
MSG_0617,2026-09-17 03:52:00,Aarav,Just checking—Please confirm the interview slot by 2026-09-04.
MSG_0618,2026-09-17 04:29:00,Ishaan,Please note: Can you finish the test cases before 2026-09-10?
MSG_0619,2026-09-17 05:06:00,Ananya,Please note: The product demo is scheduled for 2026-09-07 at 10:00 in Zoom.
MSG_0620,2026-09-17 05:43:00,Tara,For today: Don't forget to pay the electricity bill; deadline is 2026-09-08.
MSG_0621,2026-09-17 06:20:00,Ishaan,Can you help? Can you review the privacy checklist before 2026-09-07?
MSG_0622,2026-09-17 06:57:00,Maya,FYI: Can you update the project tracker before 2026-09-09?
MSG_0623,2026-09-17 07:34:00,Maya,"Can you help? Please join the study-group session on 2026-09-13, 12:00 at Google Meet."
MSG_0624,2026-09-17 08:11:00,Rohan,Please note: Complete the onboarding form is due on 2026-09-06.
MSG_0625,2026-09-17 08:48:00,Vikram,Please note: Tomorrow is a public holiday.
MSG_0626,2026-09-17 09:25:00,Ishaan,"Just so you know, i prefer receiving updates by email."
MSG_0627,2026-09-17 10:02:00,Promotions,One more thing: Earn reward points on your next purchase. Use code SAVE25.
MSG_0628,2026-09-17 10:39:00,Ishaan,"Can you help? Please join the AI workshop on 2026-09-08, 15:00 at Conference Room 2."
MSG_0629,2026-09-17 11:16:00,Ananya,Can you help? I might prefer evening meetings now.
MSG_0630,2026-09-17 11:53:00,Neha,Can you help? Are you available for the technical interview at 14:00 on 2026-09-15? Location: the main office.
MSG_0631,2026-09-17 12:30:00,Meera,"FYI: Calendar update: team stand-up, 2026-09-09 at 12:00, the library."
MSG_0632,2026-09-17 13:07:00,Neha,"Quick update: For my profile, i usually study after dinner."
MSG_0633,2026-09-17 13:44:00,Kabir,One more thing: Don't forget to upload the assignment; deadline is 2026-09-06.
MSG_0634,2026-09-17 14:21:00,Kabir,Important: Please call Maya when you are free.
MSG_0635,2026-09-17 14:58:00,Meera,"Hi, The review could be Friday afternoon."
MSG_0636,2026-09-17 15:35:00,Maya,Important: You can contact me on 98765 43210-66.
MSG_0637,2026-09-17 16:12:00,Kabir,Reminder: doctor appointment happens on 2026-09-06 at 13:00 in the city clinic.
MSG_0638,2026-09-17 16:49:00,Vikram,"Hi, I need you to renew the library book by 2026-09-09."
MSG_0639,2026-09-17 17:26:00,Aarav,Can you help? Please submit the weekly report by 2026-09-09.
MSG_0640,2026-09-17 18:03:00,Kabir,Can you help? Don't forget to upload the assignment; deadline is 2026-09-04.
MSG_0641,2026-09-17 18:40:00,Maya,Just checking—You can contact me on 98765 43210-56.
MSG_0642,2026-09-17 19:17:00,Neha,Important: Please note my bank account number 006418220145-68.
MSG_0643,2026-09-17 19:54:00,Kabir,Can you help? Reminder: sprint planning happens on 2026-09-16 at 15:00 in the city clinic.
MSG_0644,2026-09-17 20:31:00,Aarav,Just checking—The training material is on the portal.
MSG_0645,2026-09-17 21:08:00,Kabir,Quick update: Reminder: sprint planning happens on 2026-09-06 at 13:00 in the city clinic.
MSG_0646,2026-09-17 21:45:00,Rohan,"Calendar update: family dinner, 2026-09-14 at 13:00, the college auditorium."
MSG_0647,2026-09-17 22:22:00,Promotions,Important: Limited-time offer: buy one course and get one free. Use code SAVE31.
MSG_0648,2026-09-17 22:59:00,Neha,Please note: Personal note: i usually study after dinner.
MSG_0649,2026-09-17 23:36:00,Meera,Can you help? My card number is 4111 1111 1111 1111-82.
MSG_0650,2026-09-18 00:13:00,Promotions,FYI: Your food-delivery coupon expires tonight. Use code SAVE42.
MSG_0651,2026-09-18 00:50:00,Maya,For today: You can contact me on 98765 43210-36.
MSG_0652,2026-09-18 01:27:00,Meera,One more thing: Share the meeting notes is due on 2026-09-09.
MSG_0653,2026-09-18 02:04:00,Ishaan,"Hi, Can you review the privacy checklist before 2026-09-08?"
MSG_0654,2026-09-18 02:41:00,Aarav,Important: Could you send it soon?
MSG_0655,2026-09-18 03:18:00,Promotions,One more thing: Get 25% off selected headphones this weekend. Use code SAVE20.
MSG_0656,2026-09-18 03:55:00,Maya,Just checking—Can you update the project tracker before 2026-09-05?
MSG_0657,2026-09-18 04:32:00,Vikram,Important: I need you to back up the project files by 2026-09-05.
MSG_0658,2026-09-18 05:09:00,Neha,"Hi, I need you to verify the dataset labels by 2026-09-05."
MSG_0659,2026-09-18 05:46:00,Vikram,Can you help? I need you to back up the project files by 2026-09-09.
MSG_0660,2026-09-18 06:23:00,Maya,"Please join the internship orientation on 2026-09-03, 10:00 at Google Meet."
MSG_0661,2026-09-18 07:00:00,Promotions,One more thing: Free delivery on orders above 499 rupees. Use code SAVE28.
MSG_0662,2026-09-18 07:37:00,Maya,One more thing: Can you send the revised presentation before 2026-09-03?
MSG_0663,2026-09-18 08:14:00,Promotions,Important: Special festival discount on clothing. Use code SAVE37.
MSG_0664,2026-09-18 08:51:00,Tara,One more thing: Reminder: sprint planning happens on 2026-09-11 at 14:00 in the cafeteria.
MSG_0665,2026-09-18 09:28:00,Promotions,One more thing: Special festival discount on clothing. Use code SAVE27.
MSG_0666,2026-09-18 10:05:00,Promotions,Please note: Limited-time offer: buy one course and get one free. Use code SAVE21.
MSG_0667,2026-09-18 10:42:00,Tara,Important: Don't forget to pay the electricity bill; deadline is 2026-09-05.
MSG_0668,2026-09-18 11:19:00,Tara,For today: Reminder: sprint planning happens on 2026-09-21 at 12:00 in the cafeteria.
MSG_0669,2026-09-18 11:56:00,Project Lead,Quick update: The webinar recording is now available.
MSG_0670,2026-09-18 12:33:00,Kabir,Quick update: Don't forget to upload the assignment; deadline is 2026-09-10.
MSG_0671,2026-09-18 13:10:00,Tara,Important: The building entrance has moved temporarily.
MSG_0672,2026-09-18 13:47:00,Ananya,For today: The weather forecast says light rain.
MSG_0673,2026-09-18 14:24:00,Tara,Just checking—Reminder: doctor appointment happens on 2026-09-21 at 16:00 in the cafeteria.
MSG_0674,2026-09-18 15:01:00,Aarav,Quick update: The project review is scheduled for 2026-09-12 at 15:00 in Meeting Room A.
MSG_0675,2026-09-18 15:38:00,Maya,For today: The webinar recording is now available.
MSG_0676,2026-09-18 16:15:00,Promotions,"Hi, Upgrade your subscription and save 30%. Use code SAVE14."
MSG_0677,2026-09-18 16:52:00,Tara,One more thing: The new Python version is available.
MSG_0678,2026-09-18 17:29:00,Kabir,For today: My account recovery code is RC-88-KL-19-39.
MSG_0679,2026-09-18 18:06:00,Ishaan,For today: The training material is on the portal.
MSG_0680,2026-09-18 18:43:00,Promotions,Just checking—Limited-time offer: buy one course and get one free. Use code SAVE21.
MSG_0681,2026-09-18 19:20:00,Meera,Important: My card number is 4111 1111 1111 1111-62.
MSG_0682,2026-09-18 19:57:00,Ishaan,One more thing: The building entrance has moved temporarily.
MSG_0683,2026-09-18 20:34:00,Ishaan,"For today: Please join the internship orientation on 2026-09-08, 15:00 at Conference Room 2."
MSG_0684,2026-09-18 21:11:00,Meera,For today: My card number is 4111 1111 1111 1111-32.
MSG_0685,2026-09-18 21:48:00,Ananya,For today: I might prefer evening meetings now.
MSG_0686,2026-09-18 22:25:00,Meera,For today: Personal note: my emergency contact is my brother.
MSG_0687,2026-09-18 23:02:00,Vikram,Important: The temporary access token is tok_demo_A8K29Q-63.
MSG_0688,2026-09-18 23:39:00,Kabir,Don't forget to upload the assignment; deadline is 2026-09-06.
MSG_0689,2026-09-19 00:16:00,Kabir,"Hi, The office Wi-Fi will be under maintenance tonight."
MSG_0690,2026-09-19 00:53:00,Rohan,For today: Prepare the demo video is due on 2026-09-02.
MSG_0691,2026-09-19 01:30:00,Meera,Can you help? The library has extended weekend hours.
MSG_0692,2026-09-19 02:07:00,Neha,Important: I will send the login details separately.
MSG_0693,2026-09-19 02:44:00,Aarav,"Hi, The project review is scheduled for 2026-09-02 at 13:00 in Meeting Room A."
MSG_0694,2026-09-19 03:21:00,Ananya,Important: Please complete the Python exercise by 2026-09-02.
MSG_0695,2026-09-19 03:58:00,Maya,FYI: You can contact me on 98765 43210-76.
MSG_0696,2026-09-19 04:35:00,Rohan,One more thing: The report may be needed tomorrow.
MSG_0697,2026-09-19 05:12:00,Meera,"One more thing: Calendar update: family dinner, 2026-09-09 at 12:00, the library."
MSG_0698,2026-09-19 05:49:00,Aarav,FYI: The building entrance has moved temporarily.
MSG_0699,2026-09-19 06:26:00,Promotions,Can you help? Your food-delivery coupon expires tonight. Use code SAVE12.
MSG_0700,2026-09-19 07:03:00,Project Lead,Can you help? The shuttle leaves every thirty minutes.
MSG_0701,2026-09-19 07:40:00,Maya,One more thing: The shuttle leaves every thirty minutes.
MSG_0702,2026-09-19 08:17:00,Promotions,Just checking—Free delivery on orders above 499 rupees. Use code SAVE28.
MSG_0703,2026-09-19 08:54:00,Ishaan,"Quick update: Just so you know, i prefer receiving updates by email."
MSG_0704,2026-09-19 09:31:00,Ananya,Important: The project folder was reorganized.
MSG_0705,2026-09-19 10:08:00,Project Lead,One more thing: The library has extended weekend hours.
MSG_0706,2026-09-19 10:45:00,Maya,"Quick update: Please join the study-group session on 2026-09-03, 10:00 at Google Meet."
MSG_0707,2026-09-19 11:22:00,Aarav,Important: The product demo is scheduled for 2026-09-02 at 13:00 in Meeting Room A.
MSG_0708,2026-09-19 11:59:00,Maya,Can you help? Can you update the project tracker before 2026-09-02?
MSG_0709,2026-09-19 12:36:00,HR Team,"Hi, The project folder was reorganized."
MSG_0710,2026-09-19 13:13:00,Ishaan,"Hi, The new Python version is available."
MSG_0711,2026-09-19 13:50:00,Kabir,Can you help? Reminder: doctor appointment happens on 2026-09-06 at 13:00 in the city clinic.
MSG_0712,2026-09-19 14:27:00,Promotions,For today: Special festival discount on clothing. Use code SAVE47.
MSG_0713,2026-09-19 15:04:00,Ananya,Quick update: I might prefer evening meetings now.
MSG_0714,2026-09-19 15:41:00,Promotions,One more thing: Upgrade your subscription and save 30%. Use code SAVE24.
MSG_0715,2026-09-19 16:18:00,Vikram,FYI: The temporary access token is tok_demo_A8K29Q-73.
MSG_0716,2026-09-19 16:55:00,Meera,Can you help? Share the meeting notes is due on 2026-09-07.
MSG_0717,2026-09-19 17:32:00,Kabir,FYI: Please call Maya when you are free.
MSG_0718,2026-09-19 18:09:00,Ananya,Important: Personal note: i live near the central library.
MSG_0719,2026-09-19 18:46:00,Kabir,Just checking—Reminder: mentor catch-up happens on 2026-09-06 at 13:00 in the city clinic.
MSG_0720,2026-09-19 19:23:00,Meera,Share the meeting notes is due on 2026-09-09.
MSG_0721,2026-09-19 20:00:00,Promotions,FYI: Limited-time offer: buy one course and get one free. Use code SAVE41.
MSG_0722,2026-09-19 20:37:00,Meera,Just checking—Send the expense receipt is due on 2026-09-02.
MSG_0723,2026-09-19 21:14:00,Kabir,"Hi, My account recovery code is RC-88-KL-19-49."
MSG_0724,2026-09-19 21:51:00,Neha,Quick update: The training material is on the portal.
MSG_0725,2026-09-19 22:28:00,Maya,For today: Can you send the revised presentation before 2026-09-09?
MSG_0726,2026-09-19 23:05:00,Tara,FYI: My identification number is ID-7842-XY-74.
MSG_0727,2026-09-19 23:42:00,Ishaan,Just checking—Use password BlueRiver#29-51 to sign in to the test account.
MSG_0728,2026-09-20 00:19:00,Tara,Can you help? Maya asked whether the demo was ready.
MSG_0729,2026-09-20 00:56:00,Tara,"Please note: For my profile, i am vegetarian."
MSG_0730,2026-09-20 01:33:00,Aarav,Just checking—Please submit the weekly report by 2026-09-03.
MSG_0731,2026-09-20 02:10:00,HR Team,Important: Tomorrow is a public holiday.
MSG_0732,2026-09-20 02:47:00,Rohan,Can you help? The report template has been updated.
MSG_0733,2026-09-20 03:24:00,Tara,"FYI: For my profile, i am vegetarian."
MSG_0734,2026-09-20 04:01:00,Meera,Please note: The office Wi-Fi will be under maintenance tonight.
MSG_0735,2026-09-20 04:38:00,Promotions,For today: Upgrade your subscription and save 30%. Use code SAVE44.
MSG_0736,2026-09-20 05:15:00,Maya,Please note: Can you update the project tracker before 2026-09-06?
MSG_0737,2026-09-20 05:52:00,Promotions,FYI: Special festival discount on clothing. Use code SAVE47.
MSG_0738,2026-09-20 06:29:00,Neha,Just checking—I will send the login details separately.
MSG_0739,2026-09-20 07:06:00,Rohan,"Hi, My recent test result says vitamin D deficiency-47."
MSG_0740,2026-09-20 07:43:00,Vikram,I need you to renew the library book by 2026-09-10.
MSG_0741,2026-09-20 08:20:00,Ananya,Please note: The report template has been updated.
MSG_0742,2026-09-20 08:57:00,Ishaan,One more thing: You may like our new student plan.
MSG_0743,2026-09-20 09:34:00,Tara,One more thing: Don't forget to pay the electricity bill; deadline is 2026-09-02.
MSG_0744,2026-09-20 10:11:00,Meera,"For today: Calendar update: team stand-up, 2026-09-09 at 16:00, the library."
MSG_0745,2026-09-20 10:48:00,Maya,"Just checking—Please join the AI workshop on 2026-09-03, 10:00 at Google Meet."
MSG_0746,2026-09-20 11:25:00,Maya,Personal note: my favourite language is Python.
MSG_0747,2026-09-20 12:02:00,Ishaan,"Quick update: Please join the AI workshop on 2026-09-18, 13:00 at Conference Room 2."
MSG_0748,2026-09-20 12:39:00,Promotions,Quick update: Flash sale on laptops starts at 6 PM. Use code SAVE33.
MSG_0749,2026-09-20 13:16:00,Ishaan,Important: Use password BlueRiver#29-61 to sign in to the test account.
MSG_0750,2026-09-20 13:53:00,Vikram,Important: Remember that i use dark mode.
MSG_0751,2026-09-20 14:30:00,Neha,"Hi, Please note my bank account number 006418220145-48."
MSG_0752,2026-09-20 15:07:00,Neha,Please note my bank account number 006418220145.
MSG_0753,2026-09-20 15:44:00,Kabir,Can you help? My account recovery code is RC-88-KL-19-89.
MSG_0754,2026-09-20 16:21:00,Tara,Please note: Don't forget to pay the electricity bill; deadline is 2026-09-04.
MSG_0755,2026-09-20 16:58:00,Project Lead,Quick update: The office Wi-Fi will be under maintenance tonight.
MSG_0756,2026-09-20 17:35:00,Kabir,"FYI: Just so you know, my T-shirt size is medium."
MSG_0757,2026-09-20 18:12:00,Tara,"Hi, Don't forget to call the service centre; deadline is 2026-09-02."
MSG_0758,2026-09-20 18:49:00,Promotions,Important: Book movie tickets today and receive cashback. Use code SAVE36.
MSG_0759,2026-09-20 19:26:00,Aarav,The product demo is scheduled for 2026-09-12 at 11:00 in Meeting Room A.
MSG_0760,2026-09-20 20:03:00,Promotions,For today: Limited-time offer: buy one course and get one free. Use code SAVE41.
MSG_0761,2026-09-20 20:40:00,Kabir,"Hi, Don't forget to upload the assignment; deadline is 2026-09-05."
MSG_0762,2026-09-20 21:17:00,Promotions,FYI: Get 25% off selected headphones this weekend. Use code SAVE40.
MSG_0763,2026-09-20 21:54:00,Tara,Please note: My identification number is ID-7842-XY-14.
MSG_0764,2026-09-20 22:31:00,Maya,Just checking—The shuttle leaves every thirty minutes.
MSG_0765,2026-09-20 23:08:00,Promotions,Just checking—Upgrade your subscription and save 30%. Use code SAVE24.
MSG_0766,2026-09-20 23:45:00,Promotions,"Hi, Special festival discount on clothing. Use code SAVE17."
MSG_0767,2026-09-21 00:22:00,Promotions,Just checking—Special festival discount on clothing. Use code SAVE27.
MSG_0768,2026-09-21 00:59:00,Rohan,For today: The report may be needed tomorrow.
MSG_0769,2026-09-21 01:36:00,Vikram,"Hi, Remember that i use dark mode."
MSG_0770,2026-09-21 02:13:00,Maya,Please note: Let us meet sometime next week.
MSG_0771,2026-09-21 02:50:00,Neha,I will send the login details separately.
MSG_0772,2026-09-21 03:27:00,Rohan,For today: My recent test result says vitamin D deficiency-37.
MSG_0773,2026-09-21 04:04:00,Ananya,Important: I might prefer evening meetings now.
MSG_0774,2026-09-21 04:41:00,Tara,Just checking—The new Python version is available.
MSG_0775,2026-09-21 05:18:00,Aarav,Just checking—Could you send it soon?
MSG_0776,2026-09-21 05:55:00,Meera,FYI: Send the expense receipt is due on 2026-09-06.
MSG_0777,2026-09-21 06:32:00,Ishaan,One more thing: Use password BlueRiver#29-91 to sign in to the test account.
MSG_0778,2026-09-21 07:09:00,Vikram,One more thing: The temporary access token is tok_demo_A8K29Q-93.
MSG_0779,2026-09-21 07:46:00,Ananya,"Hi, Please reply to the client email by 2026-09-06."
MSG_0780,2026-09-21 08:23:00,Maya,Can you help? Can you send the revised presentation before 2026-09-10?
MSG_0781,2026-09-21 09:00:00,Ishaan,"Important: Just so you know, i prefer receiving updates by email."
MSG_0782,2026-09-21 09:37:00,Project Lead,"Hi, The shuttle leaves every thirty minutes."
MSG_0783,2026-09-21 10:14:00,Neha,Quick update: I need you to review the model results by 2026-09-09.
MSG_0784,2026-09-21 10:51:00,Ananya,Quick update: Please reply to the client email by 2026-09-02.
MSG_0785,2026-09-21 11:28:00,Ishaan,Please note: You may like our new student plan.
MSG_0786,2026-09-21 12:05:00,Ishaan,FYI: You may like our new student plan.
MSG_0787,2026-09-21 12:42:00,Meera,Important: Share the meeting notes is due on 2026-09-03.
MSG_0788,2026-09-21 13:19:00,Ananya,Quick update: The client discussion is scheduled for 2026-09-17 at 12:00 in Zoom.
MSG_0789,2026-09-21 13:56:00,Meera,"Hi, Calendar update: placement briefing, 2026-09-09 at 12:00, the library."
MSG_0790,2026-09-21 14:33:00,Maya,Quick update: Personal note: my favourite language is Python.
MSG_0791,2026-09-21 15:10:00,Ananya,Please note: Your OTP is 482193-10. It expires in 10 minutes.
MSG_0792,2026-09-21 15:47:00,Aarav,The project review is scheduled for 2026-09-02 at 9:00 in Meeting Room A.
MSG_0793,2026-09-21 16:24:00,Ishaan,"Please note: Please join the study-group session on 2026-09-08, 11:00 at Conference Room 2."
MSG_0794,2026-09-21 17:01:00,Ishaan,Can you help? The new Python version is available.
MSG_0795,2026-09-21 17:38:00,Meera,For today: Share the meeting notes is due on 2026-09-06.
MSG_0796,2026-09-21 18:15:00,Ananya,"Hi, Personal note: i live near the central library."
MSG_0797,2026-09-21 18:52:00,Rohan,"Important: Calendar update: family dinner, 2026-09-04 at 15:00, the college auditorium."
MSG_0798,2026-09-21 19:29:00,Vikram,One more thing: Are you available for the college seminar at 11:00 on 2026-09-20? Location: the training hall.
MSG_0799,2026-09-21 20:06:00,Kabir,Quick update: Don't forget to email the signed document; deadline is 2026-09-02.
MSG_0800,2026-09-21 20:43:00,Neha,Just checking—Are you available for the design review at 12:00 on 2026-09-05? Location: the main office.
MSG_0801,2026-09-21 21:20:00,Maya,For today: Let us meet sometime next week.
MSG_0802,2026-09-21 21:57:00,Aarav,"One more thing: My home address is 42 Lake View Road, Chennai-95."
MSG_0803,2026-09-21 22:34:00,Meera,Please note: My card number is 4111 1111 1111 1111-12.
MSG_0804,2026-09-21 23:11:00,Maya,"Hi, You can contact me on 98765 43210-46."
MSG_0805,2026-09-21 23:48:00,Promotions,Important: Your food-delivery coupon expires tonight. Use code SAVE32.
MSG_0806,2026-09-22 00:25:00,Kabir,Can you help? The office Wi-Fi will be under maintenance tonight.
MSG_0807,2026-09-22 01:02:00,Promotions,Your food-delivery coupon expires tonight. Use code SAVE12.
MSG_0808,2026-09-22 01:39:00,Promotions,Quick update: Earn reward points on your next purchase. Use code SAVE35.
MSG_0809,2026-09-22 02:16:00,Tara,FYI: Don't forget to pay the electricity bill; deadline is 2026-09-07.
MSG_0810,2026-09-22 02:53:00,Vikram,"Hi, Are you available for the design review at 13:00 on 2026-09-10? Location: the training hall."
MSG_0811,2026-09-22 03:30:00,Kabir,Just checking—Please call Maya when you are free.
MSG_0812,2026-09-22 04:07:00,Meera,My card number is 4111 1111 1111 1111.
MSG_0813,2026-09-22 04:44:00,Meera,FYI: My card number is 4111 1111 1111 1111-72.
MSG_0814,2026-09-22 05:21:00,Ananya,For today: Please complete the Python exercise by 2026-09-05.
MSG_0815,2026-09-22 05:58:00,Meera,Important: Send the expense receipt is due on 2026-09-04.
MSG_0816,2026-09-22 06:35:00,Vikram,"Quick update: If possible, review the file before the meeting."
MSG_0817,2026-09-22 07:12:00,Promotions,"Hi, Free delivery on orders above 499 rupees. Use code SAVE18."
MSG_0818,2026-09-22 07:49:00,Promotions,"Hi, Earn reward points on your next purchase. Use code SAVE15."
MSG_0819,2026-09-22 08:26:00,Meera,Please note: Share the meeting notes is due on 2026-09-02.
MSG_0820,2026-09-22 09:03:00,Vikram,Please note: The support team changed its working hours.
MSG_0821,2026-09-22 09:40:00,Rohan,"FYI: Calendar update: placement briefing, 2026-09-14 at 9:00, the college auditorium."
MSG_0822,2026-09-22 10:17:00,Rohan,"Quick update: Calendar update: team stand-up, 2026-09-14 at 9:00, the college auditorium."
MSG_0823,2026-09-22 10:54:00,Meera,"Important: Calendar update: placement briefing, 2026-09-19 at 10:00, the library."
MSG_0824,2026-09-22 11:31:00,Aarav,FYI: Please submit the weekly report by 2026-09-07.
MSG_0825,2026-09-22 12:08:00,Vikram,Quick update: The report template has been updated.
MSG_0826,2026-09-22 12:45:00,Ishaan,Can you finish the test cases before 2026-09-08?
MSG_0827,2026-09-22 13:22:00,Kabir,For today: Please call Maya when you are free.
MSG_0828,2026-09-22 13:59:00,Promotions,For today: Earn reward points on your next purchase. Use code SAVE45.
MSG_0829,2026-09-22 14:36:00,Kabir,Important: Don't forget to email the signed document; deadline is 2026-09-10.
MSG_0830,2026-09-22 15:13:00,Ishaan,Please note: The building entrance has moved temporarily.
MSG_0831,2026-09-22 15:50:00,Vikram,For today: Are you available for the technical interview at 11:00 on 2026-09-20? Location: the training hall.
MSG_0832,2026-09-22 16:27:00,Promotions,Please note: Join our premium plan for exclusive benefits. Use code SAVE29.
MSG_0833,2026-09-22 17:04:00,Meera,Just checking—Personal note: my emergency contact is my brother.
MSG_0834,2026-09-22 17:41:00,Ananya,Your OTP is 482193. It expires in 10 minutes.
MSG_0835,2026-09-22 18:18:00,Promotions,FYI: Flash sale on laptops starts at 6 PM. Use code SAVE43.
MSG_0836,2026-09-22 18:55:00,Vikram,Quick update: Remember that i use dark mode.
MSG_0837,2026-09-22 19:32:00,Neha,Are you available for the technical interview at 14:00 on 2026-09-15? Location: the main office.
MSG_0838,2026-09-22 20:09:00,Maya,Can you help? The laptop battery is fully charged.
MSG_0839,2026-09-22 20:46:00,Promotions,"Hi, Flash sale on laptops starts at 6 PM. Use code SAVE13."
MSG_0840,2026-09-22 21:23:00,Meera,The review could be Friday afternoon.
MSG_0841,2026-09-22 22:00:00,Maya,"Quick update: Please join the internship orientation on 2026-09-13, 16:00 at Google Meet."
MSG_0842,2026-09-22 22:37:00,Promotions,Just checking—Your food-delivery coupon expires tonight. Use code SAVE22.
MSG_0843,2026-09-22 23:14:00,Kabir,The webinar recording is now available.
MSG_0844,2026-09-22 23:51:00,Promotions,Quick update: Special festival discount on clothing. Use code SAVE37.
MSG_0845,2026-09-23 00:28:00,Meera,"Just checking—Calendar update: family dinner, 2026-09-09 at 16:00, the library."
MSG_0846,2026-09-23 01:05:00,Maya,Quick update: The library has extended weekend hours.
MSG_0847,2026-09-23 01:42:00,Maya,"Can you help? Please join the internship orientation on 2026-09-03, 10:00 at Google Meet."
MSG_0848,2026-09-23 02:19:00,Neha,Quick update: Please note my bank account number 006418220145-28.
MSG_0849,2026-09-23 02:56:00,Neha,Please note: Are you available for the design review at 16:00 on 2026-09-05? Location: the main office.
MSG_0850,2026-09-23 03:33:00,Rohan,Just checking—Prepare the demo video is due on 2026-09-06.
MSG_0851,2026-09-23 04:10:00,Rohan,Please note: Prepare the demo video is due on 2026-09-07.
MSG_0852,2026-09-23 04:47:00,Aarav,Please note: The training material is on the portal.
MSG_0853,2026-09-23 05:24:00,Ananya,Important: Please reply to the client email by 2026-09-10.
MSG_0854,2026-09-23 06:01:00,Ananya,"Hi, Your OTP is 482193-40. It expires in 10 minutes."
MSG_0855,2026-09-23 06:38:00,Kabir,"One more thing: Just so you know, my T-shirt size is medium."
MSG_0856,2026-09-23 07:15:00,Promotions,Please note: Special festival discount on clothing. Use code SAVE27.
MSG_0857,2026-09-23 07:52:00,Meera,"Hi, For my profile, my emergency contact is my brother."
MSG_0858,2026-09-23 08:29:00,Rohan,"Can you help? Just so you know, i drink coffee without sugar."
MSG_0859,2026-09-23 09:06:00,Aarav,"Hi, Could you send it soon?"
MSG_0860,2026-09-23 09:43:00,Vikram,Please note: Are you available for the college seminar at 11:00 on 2026-09-20? Location: the training hall.
MSG_0861,2026-09-23 10:20:00,Tara,Can you help? Reminder: mentor catch-up happens on 2026-09-11 at 10:00 in the cafeteria.
MSG_0862,2026-09-23 10:57:00,Kabir,"Hi, Don't forget to email the signed document; deadline is 2026-09-06."
MSG_0863,2026-09-23 11:34:00,Ananya,"Hi, The support team changed its working hours."
MSG_0864,2026-09-23 12:11:00,Vikram,One more thing: I need you to back up the project files by 2026-09-02.
MSG_0865,2026-09-23 12:48:00,Vikram,For today: I need you to back up the project files by 2026-09-08.
MSG_0866,2026-09-23 13:25:00,Kabir,One more thing: Reminder: mentor catch-up happens on 2026-09-06 at 9:00 in the city clinic.
MSG_0867,2026-09-23 14:02:00,Tara,Important: Personal note: i am vegetarian.
MSG_0868,2026-09-23 14:39:00,Ananya,Can you help? The client discussion is scheduled for 2026-09-07 at 14:00 in Zoom.
MSG_0869,2026-09-23 15:16:00,Ananya,"Please note: For my profile, i live near the central library."
MSG_0870,2026-09-23 15:53:00,Meera,For today: Send the expense receipt is due on 2026-09-07.
MSG_0871,2026-09-23 16:30:00,Meera,"Just checking—Calendar update: team stand-up, 2026-09-19 at 14:00, the library."
MSG_0872,2026-09-23 17:07:00,Kabir,Important: The shuttle leaves every thirty minutes.
MSG_0873,2026-09-23 17:44:00,Ishaan,"One more thing: Please join the study-group session on 2026-09-08, 11:00 at Conference Room 2."
MSG_0874,2026-09-23 18:21:00,Kabir,Important: Remember that my T-shirt size is medium.
MSG_0875,2026-09-23 18:58:00,Rohan,The report may be needed tomorrow.
MSG_0876,2026-09-23 19:35:00,Neha,"Important: For my profile, i usually study after dinner."
MSG_0877,2026-09-23 20:12:00,Vikram,Just checking—Are you available for the college seminar at 15:00 on 2026-09-20? Location: the training hall.
MSG_0878,2026-09-23 20:49:00,Aarav,Please note: The client discussion is scheduled for 2026-09-02 at 13:00 in Meeting Room A.
MSG_0879,2026-09-23 21:26:00,Neha,For today: I will send the login details separately.
MSG_0880,2026-09-23 22:03:00,Ananya,Important: Your OTP is 482193-60. It expires in 10 minutes.
MSG_0881,2026-09-23 22:40:00,Promotions,Important: Join our premium plan for exclusive benefits. Use code SAVE39.
MSG_0882,2026-09-23 23:17:00,Vikram,FYI: Are you available for the college seminar at 13:00 on 2026-09-10? Location: the training hall.
MSG_0883,2026-09-23 23:54:00,Neha,For today: I need you to review the model results by 2026-09-02.
MSG_0884,2026-09-24 00:31:00,Maya,"Hi, Can you update the project tracker before 2026-09-03?"
MSG_0885,2026-09-24 01:08:00,Neha,Important: The training material is on the portal.
MSG_0886,2026-09-24 01:45:00,Meera,For today: The review could be Friday afternoon.
MSG_0887,2026-09-24 02:22:00,Ishaan,Just checking—Remember that i prefer receiving updates by email.
MSG_0888,2026-09-24 02:59:00,Rohan,Quick update: The report may be needed tomorrow.
MSG_0889,2026-09-24 03:36:00,Ishaan,For today: You may like our new student plan.
MSG_0890,2026-09-24 04:13:00,Neha,One more thing: Please note my bank account number 006418220145-98.
MSG_0891,2026-09-24 04:50:00,Maya,"For today: For my profile, my favourite language is Python."
MSG_0892,2026-09-24 05:27:00,Kabir,Remember that my T-shirt size is medium.
MSG_0893,2026-09-24 06:04:00,Ishaan,Important: Can you review the privacy checklist before 2026-09-03?
MSG_0894,2026-09-24 06:41:00,Vikram,Important: Are you available for the design review at 11:00 on 2026-09-20? Location: the training hall.
MSG_0895,2026-09-24 07:18:00,Maya,"For today: Please join the AI workshop on 2026-09-13, 12:00 at Google Meet."
MSG_0896,2026-09-24 07:55:00,Kabir,The office Wi-Fi will be under maintenance tonight.
MSG_0897,2026-09-24 08:32:00,Promotions,"Hi, Limited-time offer: buy one course and get one free. Use code SAVE11."
MSG_0898,2026-09-24 09:09:00,Ananya,Can you help? Please complete the Python exercise by 2026-09-06.
MSG_0899,2026-09-24 09:46:00,Tara,Can you help? Personal note: i am vegetarian.
MSG_0900,2026-09-24 10:23:00,Neha,Quick update: Are you available for the college seminar at 10:00 on 2026-09-15? Location: the main office.
